inventory_id,product_id,bin_id,quantity,date_added
1,1,A05-S3-B01,2,2024-10-30 05:50:27.356109
2,2,A08-S4-B01,5,2024-10-26 05:50:27.356109
3,2,A08-S4-B06,2,2024-10-22 05:50:27.356109
4,3,A07-S2-B01,4,2024-11-01 05:50:27.356109
5,3,A07-S2-B03,5,2024-11-08 05:50:27.356109
6,3,A06-S3-B04,5,2024-10-30 05:50:27.356109
7,4,A08-S2-B01,5,2024-10-26 05:50:27.356109
8,4,A08-S4-B05,1,2024-10-31 05:50:27.356109
9,4,A08-S3-B04,2,2024-11-16 05:50:27.356109
10,5,A04-S4-B01,2,2024-10-20 05:50:27.356109
11,5,A02-S1-B03,2,2024-10-24 05:50:27.356109
12,5,A02-S3-B03,1,2024-11-08 05:50:27.356109
13,6,A04-S1-B03,3,2024-10-25 05:50:27.356109
14,7,A01-S2-B02,4,2024-10-24 05:50:27.356109
15,7,A01-S2-B04,4,2024-11-15 05:50:27.356109
16,8,A10-S2-B02,3,2024-10-28 05:50:27.356109
17,8,A10-S1-B01,4,2024-11-19 05:50:27.356109
18,9,A08-S1-B06,1,2024-10-20 05:50:27.356109
19,9,A08-S2-B03,1,2024-11-15 05:50:27.356109
20,9,A08-S2-B02,5,2024-10-20 05:50:27.356109
21,10,A06-S3-B01,2,2024-10-25 05:50:27.356109
22,11,A02-S3-B04,3,2024-11-13 05:50:27.356109
23,12,A08-S3-B05,3,2024-11-08 05:50:27.356109
24,13,A07-S3-B04,3,2024-10-31 05:50:27.356109
25,14,A02-S2-B02,2,2024-10-29 05:50:27.356109
26,14,A02-S3-B06,4,2024-11-05 05:50:27.356109
27,14,A03-S2-B03,4,2024-11-13 05:50:27.356109
28,15,A05-S4-B05,1,2024-10-26 05:50:27.356109
29,15,A03-S3-B02,4,2024-11-01 05:50:27.356109
30,16,A04-S4-B03,1,2024-10-28 05:50:27.356109
31,16,A04-S4-B01,2,2024-11-18 05:50:27.356109
32,17,A01-S4-B05,1,2024-11-04 05:50:27.356109
33,17,A03-S2-B01,2,2024-11-08 05:50:27.356109
34,18,A08-S2-B02,3,2024-11-16 05:50:27.368614
35,18,A08-S3-B06,4,2024-11-12 05:50:27.368614
36,18,A08-S4-B06,5,2024-10-25 05:50:27.368614
37,19,A05-S2-B04,3,2024-11-11 05:50:27.368614
38,19,A05-S1-B01,2,2024-11-08 05:50:27.368614
39,19,A05-S4-B06,1,2024-10-22 05:50:27.368614
40,20,A05-S4-B02,3,2024-10-20 05:50:27.368614
41,20,A01-S4-B04,2,2024-11-16 05:50:27.368614
42,20,A03-S3-B01,1,2024-11-07 05:50:27.368614
43,21,A08-S2-B02,1,2024-11-02 05:50:27.368614
44,21,A08-S4-B01,1,2024-11-03 05:50:27.368614
45,21,A08-S3-B04,3,2024-11-19 05:50:27.368614
46,22,A05-S3-B01,5,2024-11-19 05:50:27.368614
47,22,A04-S3-B02,2,2024-10-24 05:50:27.368614
48,23,A03-S4-B01,1,2024-11-08 05:50:27.368614
49,24,A01-S3-B02,2,2024-10-30 05:50:27.368614
50,24,A02-S4-B05,2,2024-11-09 05:50:27.368614
51,24,A03-S3-B04,3,2024-11-11 05:50:27.368614
52,25,A03-S4-B02,5,2024-11-19 05:50:27.368614
53,25,A05-S3-B04,5,2024-10-21 05:50:27.368614
54,25,A01-S3-B01,2,2024-10-24 05:50:27.368614
55,26,A07-S4-B02,5,2024-10-30 05:50:27.368614
56,26,A07-S1-B01,4,2024-10-26 05:50:27.368614
57,27,A03-S2-B03,4,2024-11-08 05:50:27.368614
58,27,A03-S3-B06,1,2024-11-03 05:50:27.368614
59,28,A08-S4-B06,5,2024-11-17 05:50:27.368614
60,28,A08-S1-B03,4,2024-10-21 05:50:27.368614
61,29,A08-S1-B04,2,2024-10-24 05:50:27.368614
62,29,A08-S4-B04,5,2024-11-11 05:50:27.368614
63,29,A08-S3-B02,1,2024-10-21 05:50:27.368614
64,30,A02-S1-B02,5,2024-11-03 05:50:27.368614
65,30,A02-S1-B01,4,2024-10-26 05:50:27.368614
66,31,A08-S3-B03,5,2024-11-02 05:50:27.368614
67,31,A08-S2-B04,4,2024-11-08 05:50:27.368614
68,32,A01-S1-B01,1,2024-11-13 05:50:27.368614
69,32,A05-S1-B05,4,2024-11-10 05:50:27.368614
70,33,A01-S3-B02,4,2024-10-21 05:50:27.368614
71,34,A10-S1-B03,2,2024-11-08 05:50:27.368614
72,35,A08-S1-B06,1,2024-10-26 05:50:27.368614
73,36,A06-S4-B02,4,2024-11-17 05:50:27.368614
74,36,A07-S2-B06,1,2024-11-01 05:50:27.368614
75,37,A01-S2-B01,1,2024-11-11 05:50:27.368614
76,38,A01-S3-B02,3,2024-10-26 05:50:27.368614
77,38,A03-S2-B06,3,2024-11-03 05:50:27.368614
78,39,A07-S1-B02,1,2024-10-22 05:50:27.368614
79,40,A02-S4-B06,1,2024-11-12 05:50:27.368614
80,41,A03-S3-B05,5,2024-10-23 05:50:27.368614
81,41,A02-S4-B02,3,2024-11-07 05:50:27.368614
82,41,A05-S4-B02,5,2024-11-11 05:50:27.368614
83,42,A02-S1-B06,1,2024-11-17 05:50:27.368614
84,42,A03-S4-B06,1,2024-10-21 05:50:27.368614
85,42,A05-S1-B04,1,2024-11-08 05:50:27.368614
86,43,A05-S4-B05,3,2024-10-26 05:50:27.368614
87,44,A09-S2-B01,1,2024-11-07 05:50:27.368614
88,45,A05-S4-B01,4,2024-11-05 05:50:27.368614
89,45,A03-S1-B02,3,2024-10-26 05:50:27.368614
90,46,A07-S2-B04,5,2024-11-08 05:50:27.368614
91,46,A07-S1-B06,5,2024-11-03 05:50:27.368614
92,46,A07-S2-B02,3,2024-10-22 05:50:27.368614
93,47,A01-S1-B02,5,2024-11-06 05:50:27.368614
94,48,A08-S4-B06,1,2024-10-26 05:50:27.368614
95,49,A08-S3-B04,4,2024-11-18 05:50:27.368614
96,49,A08-S1-B05,5,2024-11-10 05:50:27.368614
97,49,A08-S1-B06,2,2024-10-25 05:50:27.368614
98,50,A02-S3-B05,2,2024-11-07 05:50:27.368614
99,51,A08-S2-B03,5,2024-11-13 05:50:27.368614
100,52,A06-S1-B01,1,2024-11-02 05:50:27.368614
101,52,A07-S1-B04,1,2024-10-25 05:50:27.368614
102,52,A07-S4-B02,3,2024-10-28 05:50:27.368614
103,53,A09-S3-B02,2,2024-11-17 05:50:27.368614
104,53,A10-S4-B06,2,2024-11-08 05:50:27.368614
105,53,A10-S1-B04,5,2024-11-02 05:50:27.368614
106,54,A10-S2-B04,2,2024-11-17 05:50:27.384948
107,54,A09-S3-B03,4,2024-11-06 05:50:27.384948
108,55,A08-S2-B06,5,2024-11-19 05:50:27.385440
109,56,A10-S4-B04,2,2024-10-25 05:50:27.386401
110,56,A10-S4-B02,3,2024-11-01 05:50:27.386401
111,56,A10-S2-B01,2,2024-11-11 05:50:27.386401
112,57,A02-S3-B01,4,2024-11-19 05:50:27.386401
113,57,A02-S2-B04,5,2024-11-06 05:50:27.386401
114,57,A01-S4-B02,5,2024-10-31 05:50:27.386401
115,58,A04-S3-B02,5,2024-10-30 05:50:27.387411
116,58,A04-S3-B04,5,2024-11-14 05:50:27.387411
117,59,A01-S4-B06,4,2024-10-24 05:50:27.387411
118,60,A05-S2-B01,1,2024-11-15 05:50:27.388409
119,61,A04-S4-B05,1,2024-10-25 05:50:27.390206
120,61,A04-S1-B01,3,2024-10-23 05:50:27.390206
121,62,A03-S1-B06,5,2024-11-13 05:50:27.390206
122,62,A01-S4-B01,3,2024-10-24 05:50:27.390206
123,63,A06-S3-B04,5,2024-11-19 05:50:27.391249
124,63,A06-S1-B06,4,2024-11-17 05:50:27.391249
125,63,A07-S4-B04,2,2024-10-21 05:50:27.391249
126,64,A03-S4-B01,2,2024-11-06 05:50:27.391249
127,64,A02-S2-B01,3,2024-11-18 05:50:27.391249
128,64,A03-S1-B05,3,2024-11-09 05:50:27.391249
129,65,A03-S1-B05,1,2024-10-30 05:50:27.392249
130,66,A08-S1-B06,4,2024-11-13 05:50:27.392878
131,66,A08-S1-B05,4,2024-11-03 05:50:27.392878
132,66,A08-S3-B06,3,2024-11-12 05:50:27.392878
133,67,A02-S3-B03,5,2024-11-05 05:50:27.393014
134,67,A05-S4-B05,4,2024-10-28 05:50:27.393014
135,68,A07-S1-B02,2,2024-10-31 05:50:27.393014
136,69,A03-S2-B01,1,2024-10-28 05:50:27.396179
137,69,A04-S1-B05,4,2024-10-31 05:50:27.396179
138,70,A08-S4-B06,5,2024-10-31 05:50:27.396365
139,71,A06-S1-B04,4,2024-11-15 05:50:27.396365
140,71,A06-S4-B02,4,2024-10-22 05:50:27.396365
141,72,A05-S4-B04,2,2024-10-25 05:50:27.396365
142,72,A01-S1-B04,1,2024-11-17 05:50:27.396365
143,72,A03-S3-B03,4,2024-11-15 05:50:27.396365
144,73,A05-S1-B04,5,2024-11-04 05:50:27.396365
145,74,A07-S2-B04,2,2024-10-27 05:50:27.396365
146,74,A07-S3-B06,2,2024-11-05 05:50:27.396365
147,74,A06-S3-B02,3,2024-10-20 05:50:27.396365
148,75,A06-S1-B04,2,2024-11-05 05:50:27.396365
149,75,A06-S2-B02,5,2024-11-07 05:50:27.396365
150,75,A07-S3-B03,4,2024-11-18 05:50:27.396365
151,76,A06-S2-B04,2,2024-11-06 05:50:27.396365
152,77,A07-S1-B04,1,2024-11-16 05:50:27.396365
153,77,A07-S4-B01,2,2024-11-05 05:50:27.396365
154,78,A01-S1-B03,1,2024-11-09 05:50:27.396365
155,78,A03-S1-B01,5,2024-11-11 05:50:27.396365
156,79,A04-S2-B06,5,2024-11-08 05:50:27.396365
157,79,A01-S2-B06,5,2024-10-29 05:50:27.396365
158,80,A04-S3-B05,4,2024-11-08 05:50:27.396365
159,80,A05-S1-B04,2,2024-11-11 05:50:27.396365
160,81,A10-S3-B03,4,2024-10-28 05:50:27.396365
161,81,A10-S1-B06,3,2024-11-17 05:50:27.396365
162,82,A08-S2-B04,2,2024-11-05 05:50:27.396365
163,83,A03-S4-B03,3,2024-10-26 05:50:27.403618
164,83,A01-S2-B05,2,2024-11-12 05:50:27.403618
165,84,A05-S3-B02,3,2024-11-18 05:50:27.403618
166,84,A02-S4-B01,3,2024-10-30 05:50:27.403618
167,85,A02-S2-B02,4,2024-11-01 05:50:27.403618
168,86,A04-S2-B02,5,2024-11-09 05:50:27.404626
169,86,A04-S4-B06,5,2024-10-22 05:50:27.404626
170,87,A07-S3-B02,1,2024-10-21 05:50:27.404626
171,87,A06-S4-B01,1,2024-10-31 05:50:27.404626
172,87,A07-S3-B03,2,2024-11-19 05:50:27.404626
173,88,A08-S1-B05,1,2024-10-23 05:50:27.404626
174,89,A09-S4-B05,2,2024-11-08 05:50:27.405630
175,89,A09-S1-B01,2,2024-11-16 05:50:27.405630
176,90,A05-S2-B02,2,2024-10-26 05:50:27.405630
177,91,A01-S3-B06,2,2024-11-18 05:50:27.405630
178,91,A05-S3-B06,1,2024-11-11 05:50:27.406626
179,91,A02-S2-B06,5,2024-11-05 05:50:27.406626
180,92,A06-S4-B06,2,2024-11-06 05:50:27.406626
181,92,A07-S1-B06,3,2024-11-18 05:50:27.406626
182,93,A07-S4-B03,5,2024-10-24 05:50:27.406626
183,94,A08-S4-B06,3,2024-11-03 05:50:27.406626
184,94,A08-S4-B01,2,2024-10-22 05:50:27.406626
185,94,A08-S3-B06,5,2024-10-21 05:50:27.406626
186,95,A07-S2-B01,5,2024-11-10 05:50:27.407630
187,95,A06-S1-B04,4,2024-11-10 05:50:27.407630
188,95,A06-S3-B01,1,2024-11-12 05:50:27.407630
189,96,A05-S4-B02,2,2024-10-28 05:50:27.407630
190,96,A03-S2-B06,3,2024-11-18 05:50:27.407630
191,97,A08-S4-B03,1,2024-11-12 05:50:27.407630
192,97,A08-S3-B05,1,2024-10-25 05:50:27.407630
193,97,A08-S3-B02,4,2024-10-20 05:50:27.407630
194,98,A03-S2-B06,2,2024-11-05 05:50:27.408630
195,98,A04-S3-B01,1,2024-10-20 05:50:27.408630
196,99,A05-S4-B02,3,2024-11-19 05:50:27.408630
197,100,A02-S2-B02,2,2024-11-16 05:50:27.409432
198,100,A05-S4-B02,3,2024-11-10 05:50:27.409432
199,101,A03-S1-B03,2,2024-10-26 05:50:27.409942
200,101,A04-S2-B02,4,2024-11-10 05:50:27.409942
201,101,A02-S4-B02,1,2024-11-14 05:50:27.409942
202,102,A08-S3-B03,4,2024-11-13 05:50:27.410074
203,103,A05-S4-B06,2,2024-11-01 05:50:27.410634
204,103,A04-S2-B04,2,2024-10-20 05:50:27.410634
205,104,A08-S2-B05,5,2024-10-27 05:50:27.410634
206,104,A08-S3-B02,3,2024-11-03 05:50:27.410634
207,105,A09-S3-B06,4,2024-11-15 05:50:27.412178
208,105,A09-S2-B06,1,2024-10-31 05:50:27.412178
209,105,A09-S4-B02,4,2024-11-12 05:50:27.412178
210,106,A05-S4-B02,4,2024-10-21 05:50:27.412633
211,107,A05-S4-B01,5,2024-11-15 05:50:27.413144
212,107,A05-S1-B03,3,2024-11-16 05:50:27.413144
213,108,A07-S3-B05,3,2024-10-26 05:50:27.413144
214,108,A06-S3-B04,1,2024-10-22 05:50:27.413144
215,109,A02-S1-B02,3,2024-10-25 05:50:27.413682
216,109,A02-S1-B05,1,2024-11-17 05:50:27.413682
217,110,A03-S4-B02,4,2024-11-19 05:50:27.413682
218,110,A02-S1-B01,3,2024-10-23 05:50:27.413682
219,110,A05-S4-B04,1,2024-11-08 05:50:27.413682
220,111,A05-S1-B01,4,2024-11-12 05:50:27.414220
221,111,A02-S2-B01,4,2024-10-24 05:50:27.414220
222,111,A02-S4-B01,5,2024-10-26 05:50:27.414220
223,112,A03-S1-B05,4,2024-10-28 05:50:27.414757
224,112,A03-S3-B05,2,2024-11-04 05:50:27.414757
225,112,A05-S1-B05,3,2024-11-05 05:50:27.414757
226,113,A10-S2-B06,5,2024-10-22 05:50:27.414757
227,113,A09-S4-B02,4,2024-10-28 05:50:27.414757
228,114,A06-S1-B06,2,2024-10-30 05:50:27.415295
229,114,A06-S1-B05,5,2024-11-04 05:50:27.415295
230,115,A08-S2-B04,3,2024-11-09 05:50:27.415295
231,115,A08-S2-B01,5,2024-11-02 05:50:27.415295
232,115,A08-S1-B06,3,2024-11-10 05:50:27.415295
233,116,A09-S4-B02,5,2024-11-14 05:50:27.415964
234,117,A06-S1-B04,2,2024-11-10 05:50:27.415964
235,117,A07-S4-B06,3,2024-11-03 05:50:27.415964
236,118,A03-S3-B05,4,2024-10-25 05:50:27.416474
237,119,A10-S2-B01,4,2024-11-19 05:50:27.417013
238,120,A08-S3-B04,5,2024-10-29 05:50:27.417534
239,121,A07-S4-B03,3,2024-11-16 05:50:27.417645
240,121,A06-S3-B01,4,2024-11-11 05:50:27.417645
241,121,A07-S4-B05,1,2024-10-23 05:50:27.417645
242,122,A09-S1-B06,4,2024-10-29 05:50:27.418151
243,123,A05-S3-B03,1,2024-11-17 05:50:27.418703
244,124,A02-S4-B01,3,2024-10-28 05:50:27.418703
245,124,A04-S4-B01,1,2024-11-10 05:50:27.418703
246,124,A04-S3-B02,4,2024-11-12 05:50:27.418703
247,125,A04-S1-B03,1,2024-11-11 05:50:27.419235
248,126,A02-S1-B04,4,2024-11-15 05:50:27.419770
249,126,A04-S2-B05,1,2024-11-12 05:50:27.419770
250,127,A06-S4-B04,3,2024-10-27 05:50:27.419770
251,128,A10-S2-B01,4,2024-11-14 05:50:27.420303
252,128,A10-S2-B03,5,2024-11-04 05:50:27.420303
253,128,A09-S2-B06,3,2024-10-31 05:50:27.420303
254,129,A03-S2-B05,1,2024-10-31 05:50:27.420303
255,129,A04-S1-B01,2,2024-11-16 05:50:27.420303
256,129,A03-S1-B06,3,2024-11-06 05:50:27.420303
257,130,A08-S1-B04,3,2024-10-21 05:50:27.420833
258,131,A03-S3-B02,4,2024-11-10 05:50:27.421368
259,131,A02-S4-B01,5,2024-10-31 05:50:27.421368
260,131,A05-S2-B02,2,2024-11-08 05:50:27.421368
261,132,A01-S1-B05,2,2024-11-04 05:50:27.421368
262,132,A04-S2-B03,3,2024-10-25 05:50:27.421368
263,133,A02-S2-B06,2,2024-11-18 05:50:27.421904
264,134,A04-S3-B03,5,2024-11-06 05:50:27.421904
265,134,A05-S4-B05,4,2024-11-13 05:50:27.421904
266,134,A02-S4-B06,5,2024-10-25 05:50:27.421904
267,135,A09-S4-B06,4,2024-11-10 05:50:27.422439
268,135,A09-S2-B06,2,2024-10-25 05:50:27.422439
269,135,A10-S1-B01,1,2024-10-27 05:50:27.422439
270,136,A03-S2-B02,5,2024-10-26 05:50:27.422957
271,136,A04-S1-B03,1,2024-11-12 05:50:27.422957
272,137,A08-S2-B06,3,2024-11-10 05:50:27.423481
273,137,A08-S3-B06,5,2024-11-11 05:50:27.423481
274,138,A06-S3-B04,5,2024-10-20 05:50:27.424005
275,138,A06-S4-B05,3,2024-11-01 05:50:27.424005
276,138,A07-S2-B06,5,2024-11-18 05:50:27.424005
277,139,A03-S3-B01,2,2024-11-06 05:50:27.424005
278,139,A01-S3-B04,1,2024-10-23 05:50:27.424005
279,139,A01-S3-B05,5,2024-11-03 05:50:27.424005
280,140,A08-S3-B05,2,2024-10-27 05:50:27.424528
281,140,A08-S1-B03,2,2024-10-26 05:50:27.424528
282,141,A08-S4-B05,3,2024-11-01 05:50:27.425066
283,142,A05-S3-B06,2,2024-10-26 05:50:27.425066
284,142,A02-S1-B01,5,2024-11-18 05:50:27.425066
285,142,A01-S4-B05,4,2024-11-19 05:50:27.425066
286,143,A01-S1-B01,5,2024-11-06 05:50:27.425601
287,143,A04-S1-B06,3,2024-11-01 05:50:27.425601
288,143,A01-S2-B05,3,2024-10-27 05:50:27.425601
289,144,A03-S1-B06,2,2024-10-25 05:50:27.425601
290,144,A04-S4-B05,5,2024-11-14 05:50:27.425601
291,145,A01-S3-B02,2,2024-11-06 05:50:27.426133
292,146,A01-S2-B04,5,2024-10-26 05:50:27.426692
293,147,A08-S3-B06,1,2024-10-30 05:50:27.427314
294,147,A08-S4-B04,3,2024-10-21 05:50:27.427314
295,147,A08-S1-B02,1,2024-10-26 05:50:27.427314
296,148,A08-S4-B02,5,2024-10-25 05:50:27.427822
297,148,A08-S4-B01,1,2024-10-25 05:50:27.427822
298,149,A05-S1-B05,4,2024-10-27 05:50:27.428349
299,149,A05-S1-B01,5,2024-11-07 05:50:27.428349
300,150,A05-S1-B03,2,2024-10-20 05:50:27.428874
301,151,A10-S3-B04,2,2024-11-04 05:50:27.429395
302,151,A10-S2-B06,4,2024-11-17 05:50:27.429395
303,151,A09-S3-B01,2,2024-11-06 05:50:27.429395
304,152,A04-S1-B06,3,2024-11-19 05:50:27.429916
305,152,A01-S3-B03,5,2024-11-12 05:50:27.429916
306,153,A05-S2-B01,1,2024-11-10 05:50:27.430437
307,154,A04-S4-B01,1,2024-10-28 05:50:27.430437
308,155,A08-S3-B03,3,2024-10-24 05:50:27.430959
309,156,A04-S4-B06,5,2024-10-28 05:50:27.431480
310,157,A07-S2-B01,4,2024-11-11 05:50:27.432006
311,157,A07-S4-B06,5,2024-11-05 05:50:27.432006
312,158,A06-S4-B04,5,2024-11-09 05:50:27.435800
313,158,A07-S4-B01,5,2024-11-14 05:50:27.435800
314,159,A04-S4-B03,5,2024-10-30 05:50:27.435918
315,159,A04-S1-B06,2,2024-11-13 05:50:27.435918
316,160,A07-S1-B05,3,2024-11-01 05:50:27.436425
317,160,A06-S2-B03,1,2024-11-15 05:50:27.436425
318,160,A06-S2-B01,1,2024-10-26 05:50:27.436425
319,161,A03-S4-B05,2,2024-11-02 05:50:27.436949
320,162,A08-S4-B02,1,2024-11-14 05:50:27.436949
321,162,A08-S3-B02,3,2024-11-15 05:50:27.436949
322,162,A08-S4-B04,1,2024-10-20 05:50:27.436949
323,163,A08-S4-B06,3,2024-11-17 05:50:27.437472
324,163,A08-S2-B05,1,2024-11-06 05:50:27.437472
325,164,A08-S1-B06,1,2024-11-01 05:50:27.437995
326,164,A08-S3-B06,3,2024-10-21 05:50:27.437995
327,164,A08-S1-B02,4,2024-11-04 05:50:27.437995
328,165,A01-S2-B01,3,2024-11-15 05:50:27.437995
329,165,A04-S3-B01,3,2024-10-22 05:50:27.437995
330,166,A07-S3-B06,1,2024-10-24 05:50:27.438522
331,166,A06-S3-B01,2,2024-10-21 05:50:27.438522
332,167,A03-S2-B05,3,2024-10-30 05:50:27.439044
333,167,A04-S1-B04,3,2024-11-16 05:50:27.439044
334,168,A04-S2-B05,1,2024-10-22 05:50:27.439044
335,169,A01-S3-B04,1,2024-10-22 05:50:27.439565
336,170,A08-S1-B01,5,2024-11-14 05:50:27.439565
337,171,A07-S2-B02,3,2024-10-30 05:50:27.440087
338,172,A04-S2-B06,4,2024-10-20 05:50:27.440087
339,172,A02-S3-B03,4,2024-10-27 05:50:27.440087
340,172,A01-S1-B05,4,2024-10-22 05:50:27.440087
341,173,A08-S1-B04,4,2024-10-23 05:50:27.440609
342,174,A02-S4-B06,4,2024-11-10 05:50:27.441130
343,174,A01-S3-B03,4,2024-11-03 05:50:27.441130
344,175,A08-S4-B02,3,2024-11-17 05:50:27.441130
345,175,A08-S2-B04,5,2024-11-05 05:50:27.441130
346,175,A08-S3-B04,4,2024-11-12 05:50:27.441130
347,176,A01-S4-B03,2,2024-11-09 05:50:27.441651
348,176,A04-S2-B06,2,2024-10-27 05:50:27.441651
349,177,A07-S3-B02,3,2024-11-17 05:50:27.441651
350,177,A06-S2-B02,2,2024-11-13 05:50:27.441651
351,177,A06-S3-B04,1,2024-11-19 05:50:27.441651
352,178,A02-S4-B01,1,2024-10-27 05:50:27.442176
353,178,A05-S2-B02,4,2024-10-22 05:50:27.442176
354,179,A09-S2-B02,4,2024-11-12 05:50:27.442705
355,179,A09-S2-B03,2,2024-10-26 05:50:27.442705
356,180,A02-S2-B06,4,2024-11-02 05:50:27.442705
357,181,A05-S3-B01,2,2024-10-29 05:50:27.443233
358,181,A01-S1-B03,4,2024-10-31 05:50:27.443233
359,181,A05-S3-B06,5,2024-11-14 05:50:27.443233
360,182,A05-S2-B04,1,2024-11-07 05:50:27.443233
361,182,A01-S4-B04,3,2024-11-09 05:50:27.443233
362,182,A04-S1-B03,4,2024-10-20 05:50:27.443233
363,183,A10-S3-B05,4,2024-10-27 05:50:27.443233
364,183,A09-S1-B05,4,2024-10-23 05:50:27.443233
365,183,A09-S1-B01,5,2024-10-24 05:50:27.443233
366,184,A09-S1-B05,5,2024-11-13 05:50:27.444255
367,184,A09-S4-B05,1,2024-10-22 05:50:27.444255
368,184,A09-S4-B01,4,2024-11-10 05:50:27.444255
369,185,A03-S4-B06,4,2024-11-03 05:50:27.444255
370,185,A04-S4-B06,3,2024-11-18 05:50:27.444255
371,185,A04-S2-B01,3,2024-11-14 05:50:27.444255
372,186,A06-S3-B05,1,2024-11-09 05:50:27.444255
373,186,A06-S1-B04,3,2024-10-22 05:50:27.444255
374,187,A07-S3-B03,3,2024-10-24 05:50:27.444255
375,188,A08-S4-B04,2,2024-10-21 05:50:27.444255
376,189,A08-S1-B02,5,2024-11-06 05:50:27.445777
377,190,A05-S4-B02,4,2024-11-15 05:50:27.445777
378,190,A01-S2-B04,3,2024-10-29 05:50:27.445777
379,191,A01-S4-B01,2,2024-10-28 05:50:27.445777
380,191,A03-S4-B06,4,2024-10-29 05:50:27.445777
381,192,A09-S3-B06,4,2024-10-21 05:50:27.445777
382,192,A10-S3-B02,3,2024-10-24 05:50:27.445777
383,192,A10-S2-B02,2,2024-10-21 05:50:27.445777
384,193,A10-S4-B01,1,2024-10-20 05:50:27.445777
385,193,A10-S4-B04,2,2024-11-11 05:50:27.445777
386,194,A08-S3-B04,5,2024-11-12 05:50:27.445777
387,194,A08-S2-B01,4,2024-11-03 05:50:27.445777
388,194,A08-S2-B05,2,2024-10-30 05:50:27.445777
389,195,A01-S4-B02,3,2024-11-15 05:50:27.445777
390,195,A01-S1-B01,3,2024-11-16 05:50:27.445777
391,196,A03-S3-B05,2,2024-10-26 05:50:27.447800
392,197,A07-S4-B02,5,2024-11-17 05:50:27.448806
393,197,A07-S4-B03,1,2024-11-09 05:50:27.448806
394,197,A06-S1-B03,4,2024-11-15 05:50:27.448806
395,198,A09-S4-B02,4,2024-11-05 05:50:27.449256
396,198,A09-S1-B05,5,2024-11-10 05:50:27.449256
397,198,A10-S2-B05,4,2024-11-11 05:50:27.449256
398,199,A10-S4-B06,5,2024-11-04 05:50:27.449256
399,199,A09-S2-B01,4,2024-11-17 05:50:27.449256
400,199,A09-S2-B02,2,2024-11-10 05:50:27.449256
401,200,A07-S2-B06,2,2024-11-08 05:50:27.449256
402,200,A07-S4-B05,1,2024-10-20 05:50:27.449256
403,201,A08-S3-B06,3,2024-10-25 05:50:27.449256
404,201,A08-S4-B05,4,2024-11-15 05:50:27.449256
405,201,A08-S2-B02,1,2024-10-23 05:50:27.449256
406,202,A01-S1-B01,2,2024-11-02 05:50:27.449256
407,202,A01-S1-B05,2,2024-11-14 05:50:27.449256
408,202,A04-S3-B03,3,2024-11-19 05:50:27.449256
409,203,A01-S3-B01,3,2024-10-24 05:50:27.449256
410,203,A03-S1-B06,5,2024-11-05 05:50:27.449256
411,204,A10-S1-B01,1,2024-11-12 05:50:27.449256
412,204,A09-S4-B01,4,2024-11-14 05:50:27.449256
413,204,A09-S2-B06,2,2024-11-08 05:50:27.449256
414,205,A08-S1-B01,5,2024-11-09 05:50:27.449256
415,205,A08-S3-B04,3,2024-10-30 05:50:27.449256
416,206,A04-S4-B02,4,2024-11-08 05:50:27.449256
417,206,A01-S3-B03,4,2024-11-02 05:50:27.449256
418,207,A03-S4-B01,4,2024-10-25 05:50:27.449256
419,207,A04-S2-B04,4,2024-11-01 05:50:27.449256
420,208,A06-S1-B05,3,2024-11-16 05:50:27.449256
421,208,A06-S3-B03,1,2024-10-25 05:50:27.449256
422,208,A07-S3-B04,3,2024-10-25 05:50:27.449256
423,209,A05-S4-B03,3,2024-11-15 05:50:27.449256
424,209,A04-S2-B06,1,2024-11-14 05:50:27.449256
425,209,A01-S3-B06,2,2024-10-31 05:50:27.449256
426,210,A02-S3-B06,3,2024-10-31 05:50:27.449256
427,210,A01-S1-B04,5,2024-11-16 05:50:27.449256
428,211,A08-S1-B03,3,2024-11-12 05:50:27.454763
429,212,A07-S1-B05,2,2024-10-31 05:50:27.454763
430,212,A07-S3-B04,3,2024-11-10 05:50:27.454763
431,212,A07-S4-B02,5,2024-11-13 05:50:27.455293
432,213,A06-S3-B03,4,2024-10-30 05:50:27.455293
433,214,A02-S2-B04,2,2024-10-29 05:50:27.455293
434,214,A03-S3-B03,3,2024-11-06 05:50:27.455293
435,215,A06-S3-B05,5,2024-11-17 05:50:27.455293
436,216,A05-S3-B03,4,2024-11-16 05:50:27.455293
437,216,A02-S1-B05,1,2024-10-26 05:50:27.455293
438,217,A02-S2-B05,3,2024-10-24 05:50:27.455293
439,218,A06-S3-B06,1,2024-11-04 05:50:27.455293
440,218,A07-S2-B04,2,2024-11-18 05:50:27.455293
441,219,A08-S1-B02,3,2024-11-03 05:50:27.455293
442,220,A07-S1-B02,4,2024-11-18 05:50:27.455293
443,220,A06-S4-B05,3,2024-10-22 05:50:27.455293
444,221,A06-S4-B05,4,2024-11-12 05:50:27.455293
445,222,A08-S1-B05,1,2024-11-17 05:50:27.455293
446,222,A08-S2-B05,5,2024-11-05 05:50:27.455293
447,222,A08-S2-B06,1,2024-10-20 05:50:27.455293
448,223,A02-S4-B06,1,2024-11-02 05:50:27.455293
449,223,A01-S1-B02,2,2024-10-27 05:50:27.455293
450,224,A02-S3-B06,1,2024-11-19 05:50:27.459676
451,224,A02-S2-B04,4,2024-11-11 05:50:27.459676
452,225,A02-S1-B05,1,2024-10-26 05:50:27.460184
453,226,A01-S1-B05,2,2024-11-06 05:50:27.460708
454,227,A08-S1-B04,1,2024-11-08 05:50:27.461230
455,227,A08-S3-B05,5,2024-11-09 05:50:27.461230
456,227,A08-S4-B02,5,2024-10-26 05:50:27.461230
457,228,A01-S4-B05,5,2024-11-04 05:50:27.461751
458,229,A10-S3-B03,4,2024-11-01 05:50:27.462272
459,229,A09-S4-B04,3,2024-11-01 05:50:27.462272
460,229,A10-S2-B04,4,2024-11-19 05:50:27.462272
461,230,A08-S2-B05,4,2024-11-18 05:50:27.462863
462,230,A08-S1-B06,4,2024-11-09 05:50:27.462863
463,231,A07-S4-B05,3,2024-11-02 05:50:27.462863
464,232,A08-S1-B04,3,2024-11-15 05:50:27.463369
465,233,A08-S2-B01,1,2024-10-27 05:50:27.464301
466,233,A08-S2-B02,4,2024-10-23 05:50:27.464301
467,233,A08-S1-B03,1,2024-10-31 05:50:27.464301
468,234,A04-S1-B03,1,2024-11-07 05:50:27.464808
469,235,A05-S4-B04,5,2024-10-27 05:50:27.465331
470,236,A07-S4-B04,1,2024-10-29 05:50:27.465852
471,236,A06-S1-B04,1,2024-11-19 05:50:27.465852
472,237,A02-S3-B01,4,2024-11-09 05:50:27.466375
473,237,A04-S3-B01,3,2024-11-06 05:50:27.466375
474,238,A02-S1-B05,4,2024-10-24 05:50:27.466901
475,238,A05-S4-B05,3,2024-10-22 05:50:27.466901
476,238,A01-S3-B06,1,2024-10-27 05:50:27.466901
477,239,A08-S4-B02,4,2024-10-21 05:50:27.467425
478,240,A03-S3-B02,1,2024-11-01 05:50:27.467947
479,240,A02-S4-B04,4,2024-11-01 05:50:27.467947
480,241,A10-S4-B04,4,2024-11-03 05:50:27.468467
481,242,A08-S3-B01,2,2024-11-11 05:50:27.468988
482,242,A08-S2-B03,2,2024-10-20 05:50:27.468988
483,243,A10-S1-B05,3,2024-10-24 05:50:27.469509
484,243,A10-S4-B06,4,2024-10-25 05:50:27.469509
485,244,A02-S4-B01,5,2024-11-07 05:50:27.470030
486,244,A04-S4-B03,1,2024-11-17 05:50:27.470030
487,244,A01-S2-B01,4,2024-11-14 05:50:27.470030
488,245,A01-S2-B04,2,2024-11-06 05:50:27.470551
489,245,A03-S2-B05,2,2024-10-28 05:50:27.470551
490,245,A05-S2-B02,2,2024-11-05 05:50:27.470551
491,246,A09-S4-B06,5,2024-11-17 05:50:27.471072
492,247,A01-S1-B01,4,2024-11-06 05:50:27.471594
493,247,A04-S4-B02,1,2024-11-02 05:50:27.471594
494,247,A01-S3-B06,2,2024-11-02 05:50:27.471594
495,248,A08-S4-B03,2,2024-11-03 05:50:27.472638
496,248,A08-S3-B01,3,2024-10-30 05:50:27.472638
497,248,A08-S3-B02,4,2024-10-23 05:50:27.472638
498,249,A08-S1-B02,5,2024-10-30 05:50:27.473159
499,249,A08-S4-B04,1,2024-10-29 05:50:27.473159
500,250,A10-S3-B01,5,2024-10-28 05:50:27.473678
501,251,A03-S2-B02,4,2024-11-15 05:50:27.474199
502,251,A03-S3-B04,2,2024-10-30 05:50:27.474199
503,251,A04-S2-B03,4,2024-11-14 05:50:27.474199
504,252,A03-S3-B03,2,2024-11-06 05:50:27.474732
505,252,A03-S2-B04,3,2024-10-30 05:50:27.474732
506,253,A09-S2-B01,4,2024-11-08 05:50:27.475256
507,254,A04-S2-B01,1,2024-11-18 05:50:27.475841
508,254,A03-S2-B05,2,2024-10-25 05:50:27.475841
509,254,A02-S4-B02,3,2024-11-10 05:50:27.475841
510,255,A03-S4-B05,1,2024-10-31 05:50:27.475841
511,255,A05-S3-B01,1,2024-10-20 05:50:27.475841
512,256,A08-S2-B02,5,2024-11-05 05:50:27.476351
513,256,A08-S1-B03,3,2024-11-01 05:50:27.476351
514,257,A10-S1-B01,5,2024-11-08 05:50:27.476351
515,257,A09-S1-B02,5,2024-10-28 05:50:27.476351
516,257,A09-S2-B05,3,2024-11-06 05:50:27.476351
517,258,A07-S1-B02,1,2024-11-14 05:50:27.476893
518,258,A07-S1-B01,2,2024-11-12 05:50:27.476893
519,259,A08-S4-B03,1,2024-11-04 05:50:27.477431
520,259,A08-S4-B04,3,2024-11-09 05:50:27.477431
521,259,A08-S2-B05,4,2024-10-26 05:50:27.477431
522,260,A03-S1-B05,3,2024-11-19 05:50:27.477431
523,260,A01-S2-B05,4,2024-11-15 05:50:27.477431
524,260,A05-S4-B02,3,2024-11-09 05:50:27.477431
525,261,A08-S2-B05,5,2024-11-14 05:50:27.477966
526,261,A08-S3-B05,5,2024-10-31 05:50:27.477966
527,262,A08-S1-B01,3,2024-11-09 05:50:27.479314
528,263,A03-S4-B05,2,2024-11-01 05:50:27.479824
529,263,A03-S3-B05,5,2024-11-17 05:50:27.479824
530,263,A05-S1-B02,4,2024-11-07 05:50:27.479824
531,264,A08-S3-B02,2,2024-11-11 05:50:27.479824
532,265,A09-S1-B05,5,2024-10-30 05:50:27.480363
533,266,A07-S2-B01,2,2024-11-11 05:50:27.480898
534,266,A06-S1-B01,3,2024-11-19 05:50:27.480898
535,267,A07-S2-B02,2,2024-10-21 05:50:27.481427
536,267,A07-S4-B04,5,2024-10-31 05:50:27.481427
537,268,A07-S1-B06,2,2024-11-05 05:50:27.482127
538,268,A06-S2-B03,3,2024-11-16 05:50:27.482633
539,269,A03-S1-B02,2,2024-11-05 05:50:27.483137
540,270,A04-S1-B06,1,2024-11-11 05:50:27.483645
541,270,A04-S4-B04,4,2024-11-19 05:50:27.483645
542,271,A07-S3-B04,2,2024-11-09 05:50:27.484173
543,272,A07-S1-B04,4,2024-11-04 05:50:27.484173
544,272,A07-S4-B03,3,2024-11-17 05:50:27.484173
545,273,A10-S3-B02,5,2024-10-20 05:50:27.484700
546,274,A09-S1-B04,3,2024-10-25 05:50:27.484700
547,275,A08-S2-B02,1,2024-11-02 05:50:27.485226
548,276,A08-S1-B02,4,2024-10-31 05:50:27.485750
549,276,A08-S4-B01,1,2024-11-05 05:50:27.485750
550,277,A06-S1-B03,1,2024-11-04 05:50:27.486273
551,277,A06-S2-B06,5,2024-11-02 05:50:27.486273
552,277,A06-S1-B01,3,2024-11-04 05:50:27.486273
553,278,A08-S1-B01,5,2024-10-23 05:50:27.486273
554,278,A08-S3-B04,2,2024-11-13 05:50:27.486273
555,279,A06-S2-B02,4,2024-11-06 05:50:27.486799
556,279,A07-S1-B02,3,2024-11-16 05:50:27.486799
557,279,A07-S3-B06,3,2024-10-27 05:50:27.486799
558,280,A06-S1-B03,5,2024-11-13 05:50:27.487320
559,280,A07-S4-B03,1,2024-11-06 05:50:27.487320
560,281,A10-S4-B05,5,2024-11-11 05:50:27.487320
561,281,A10-S1-B04,3,2024-10-28 05:50:27.487320
562,282,A03-S3-B04,1,2024-11-01 05:50:27.487847
563,282,A05-S1-B02,2,2024-11-01 05:50:27.487847
564,283,A03-S2-B01,2,2024-10-30 05:50:27.488368
565,284,A02-S3-B05,5,2024-10-24 05:50:27.488368
566,284,A04-S2-B05,2,2024-10-20 05:50:27.488368
567,284,A03-S1-B03,4,2024-11-12 05:50:27.488368
568,285,A08-S4-B05,4,2024-11-14 05:50:27.488895
569,285,A08-S2-B03,5,2024-11-13 05:50:27.488895
570,286,A03-S1-B04,4,2024-10-22 05:50:27.488895
571,287,A05-S1-B06,5,2024-11-10 05:50:27.489421
572,288,A08-S2-B05,3,2024-11-13 05:50:27.489943
573,288,A08-S2-B06,2,2024-10-27 05:50:27.489943
574,289,A04-S4-B06,3,2024-10-20 05:50:27.490465
575,290,A08-S4-B04,4,2024-11-18 05:50:27.491001
576,290,A08-S3-B01,2,2024-11-02 05:50:27.491001
577,291,A01-S1-B01,4,2024-10-24 05:50:27.491001
578,291,A05-S4-B04,5,2024-11-03 05:50:27.491001
579,292,A04-S2-B02,5,2024-10-22 05:50:27.491567
580,293,A06-S4-B05,4,2024-10-20 05:50:27.492096
581,293,A07-S3-B05,3,2024-10-28 05:50:27.492096
582,293,A07-S2-B01,3,2024-11-19 05:50:27.492096
583,294,A01-S3-B01,3,2024-11-06 05:50:27.492096
584,295,A04-S3-B01,5,2024-11-07 05:50:27.492633
585,296,A08-S1-B02,2,2024-10-30 05:50:27.492633
586,296,A08-S4-B02,4,2024-11-13 05:50:27.492633
587,297,A07-S4-B04,4,2024-10-20 05:50:27.493159
588,298,A02-S3-B04,1,2024-10-26 05:50:27.493684
589,298,A01-S4-B04,4,2024-10-26 05:50:27.493684
590,298,A02-S3-B06,1,2024-11-15 05:50:27.493684
591,299,A08-S4-B03,4,2024-10-29 05:50:27.494977
592,299,A08-S2-B01,4,2024-10-30 05:50:27.494977
593,299,A08-S4-B04,4,2024-11-13 05:50:27.494977
594,300,A03-S3-B03,1,2024-10-21 05:50:27.495483
595,301,A02-S4-B06,5,2024-10-24 05:50:27.495483
596,301,A04-S3-B03,1,2024-10-26 05:50:27.495483
597,302,A08-S1-B03,3,2024-10-31 05:50:27.496007
598,303,A08-S2-B03,4,2024-10-21 05:50:27.496533
599,304,A08-S4-B01,1,2024-11-01 05:50:27.496533
600,304,A08-S2-B02,4,2024-10-31 05:50:27.496533
601,305,A06-S1-B03,4,2024-11-12 05:50:27.497061
602,306,A08-S4-B01,5,2024-10-31 05:50:27.497584
603,306,A08-S4-B05,4,2024-10-31 05:50:27.497584
604,306,A08-S1-B06,2,2024-11-14 05:50:27.497584
605,307,A08-S4-B04,1,2024-11-02 05:50:27.497584
606,307,A08-S1-B01,4,2024-11-10 05:50:27.497584
607,308,A03-S2-B04,2,2024-11-07 05:50:27.498108
608,309,A07-S3-B04,3,2024-11-19 05:50:27.498702
609,310,A04-S1-B01,5,2024-11-18 05:50:27.499339
610,310,A05-S1-B01,3,2024-10-28 05:50:27.499339
611,311,A02-S4-B05,5,2024-11-05 05:50:27.499339
612,312,A02-S2-B03,3,2024-11-12 05:50:27.499846
613,312,A02-S3-B05,4,2024-11-10 05:50:27.499846
614,312,A05-S2-B01,4,2024-11-07 05:50:27.499846
615,313,A04-S4-B01,5,2024-10-22 05:50:27.500371
616,313,A04-S4-B03,4,2024-11-12 05:50:27.500371
617,314,A08-S1-B04,3,2024-11-03 05:50:27.500371
618,314,A08-S1-B06,5,2024-11-04 05:50:27.500371
619,314,A08-S1-B01,4,2024-10-23 05:50:27.500371
620,315,A07-S2-B02,4,2024-11-12 05:50:27.500901
621,315,A06-S4-B03,2,2024-10-23 05:50:27.500901
622,315,A06-S3-B06,5,2024-10-28 05:50:27.500901
623,316,A06-S3-B01,4,2024-10-27 05:50:27.500901
624,317,A02-S2-B06,1,2024-10-24 05:50:27.501426
625,317,A05-S1-B03,1,2024-11-06 05:50:27.501426
626,317,A05-S1-B06,1,2024-11-16 05:50:27.501426
627,318,A01-S2-B01,4,2024-11-04 05:50:27.501950
628,319,A01-S3-B03,1,2024-11-02 05:50:27.501950
629,319,A01-S4-B01,5,2024-10-26 05:50:27.501950
630,320,A02-S1-B01,3,2024-11-01 05:50:27.502472
631,320,A03-S4-B05,4,2024-11-19 05:50:27.502472
632,321,A08-S2-B03,4,2024-10-23 05:50:27.502993
633,322,A06-S2-B01,2,2024-11-08 05:50:27.502993
634,323,A06-S4-B02,3,2024-10-29 05:50:27.503515
635,324,A04-S1-B06,3,2024-10-31 05:50:27.503515
636,325,A08-S2-B05,2,2024-11-18 05:50:27.504035
637,325,A08-S4-B01,1,2024-11-12 05:50:27.504035
638,326,A07-S1-B02,1,2024-11-14 05:50:27.504555
639,326,A06-S3-B04,5,2024-11-15 05:50:27.504555
640,326,A07-S2-B03,4,2024-10-20 05:50:27.504555
641,327,A08-S3-B02,1,2024-11-18 05:50:27.504555
642,327,A08-S1-B03,2,2024-10-21 05:50:27.504555
643,328,A08-S1-B01,3,2024-10-31 05:50:27.505076
644,328,A08-S4-B03,4,2024-10-23 05:50:27.505076
645,329,A05-S2-B06,3,2024-10-27 05:50:27.505076
646,329,A04-S1-B04,3,2024-10-22 05:50:27.505076
647,330,A05-S4-B06,4,2024-10-28 05:50:27.505597
648,330,A02-S4-B05,3,2024-11-12 05:50:27.505597
649,331,A01-S3-B02,5,2024-11-05 05:50:27.506118
650,331,A01-S1-B03,3,2024-10-26 05:50:27.506118
651,332,A07-S4-B02,3,2024-11-12 05:50:27.506118
652,332,A06-S2-B06,3,2024-10-20 05:50:27.506118
653,332,A06-S4-B02,3,2024-10-28 05:50:27.506118
654,333,A04-S3-B04,4,2024-11-17 05:50:27.506642
655,333,A05-S1-B06,4,2024-10-31 05:50:27.506642
656,333,A02-S4-B06,3,2024-11-09 05:50:27.506642
657,334,A05-S3-B03,5,2024-11-03 05:50:27.507166
658,335,A05-S2-B02,1,2024-11-18 05:50:27.507166
659,336,A05-S4-B06,2,2024-11-01 05:50:27.507687
660,336,A05-S3-B05,2,2024-10-27 05:50:27.507687
661,336,A02-S3-B06,1,2024-10-27 05:50:27.507687
662,337,A10-S1-B01,1,2024-11-17 05:50:27.507687
663,337,A09-S2-B02,1,2024-11-19 05:50:27.507687
664,338,A07-S2-B04,2,2024-11-14 05:50:27.508207
665,339,A04-S3-B05,4,2024-11-08 05:50:27.508207
666,339,A03-S3-B05,1,2024-11-07 05:50:27.508207
667,340,A01-S2-B01,2,2024-11-01 05:50:27.508730
668,340,A01-S2-B04,1,2024-11-09 05:50:27.508730
669,340,A05-S1-B03,1,2024-11-17 05:50:27.508730
670,341,A01-S2-B01,1,2024-10-23 05:50:27.509253
671,342,A02-S4-B01,3,2024-11-07 05:50:27.510202
672,342,A03-S4-B01,2,2024-11-06 05:50:27.510202
673,343,A04-S1-B02,4,2024-11-19 05:50:27.510707
674,344,A02-S2-B04,3,2024-10-20 05:50:27.511236
675,345,A03-S2-B04,5,2024-11-08 05:50:27.511236
676,345,A02-S4-B02,4,2024-11-07 05:50:27.511236
677,345,A03-S4-B04,5,2024-10-20 05:50:27.511236
678,346,A08-S1-B05,5,2024-10-21 05:50:27.511768
679,346,A08-S3-B03,3,2024-11-11 05:50:27.511768
680,346,A08-S1-B04,3,2024-11-18 05:50:27.511768
681,347,A08-S1-B04,5,2024-11-14 05:50:27.512297
682,348,A01-S2-B06,1,2024-11-06 05:50:27.512297
683,348,A05-S1-B06,3,2024-10-24 05:50:27.512297
684,349,A02-S2-B04,3,2024-11-17 05:50:27.512826
685,349,A01-S2-B06,4,2024-11-04 05:50:27.512826
686,349,A05-S2-B04,1,2024-10-27 05:50:27.512826
687,350,A08-S4-B04,5,2024-11-08 05:50:27.512826
688,350,A08-S3-B04,2,2024-10-31 05:50:27.512826
689,350,A08-S2-B01,2,2024-11-07 05:50:27.512826
690,351,A08-S1-B01,4,2024-10-21 05:50:27.513353
691,351,A08-S4-B04,1,2024-11-19 05:50:27.513353
692,351,A08-S2-B05,5,2024-11-05 05:50:27.513353
693,352,A10-S4-B02,5,2024-11-16 05:50:27.513882
694,352,A09-S2-B04,5,2024-10-20 05:50:27.513882
695,353,A06-S3-B03,4,2024-10-20 05:50:27.513882
696,354,A02-S3-B06,1,2024-11-07 05:50:27.514413
697,354,A05-S4-B03,1,2024-11-14 05:50:27.514413
698,355,A05-S3-B06,5,2024-11-02 05:50:27.514946
699,355,A04-S2-B03,1,2024-10-23 05:50:27.514946
700,356,A08-S3-B01,4,2024-10-24 05:50:27.514946
701,357,A04-S1-B03,1,2024-11-05 05:50:27.515475
702,357,A04-S1-B05,1,2024-11-19 05:50:27.515475
703,357,A05-S2-B04,4,2024-11-14 05:50:27.515475
704,358,A08-S1-B06,5,2024-10-24 05:50:27.515475
705,358,A08-S1-B04,4,2024-11-05 05:50:27.515475
706,358,A08-S4-B03,2,2024-10-26 05:50:27.515475
707,359,A09-S4-B02,1,2024-11-03 05:50:27.516003
708,359,A10-S4-B06,5,2024-11-13 05:50:27.516003
709,359,A09-S4-B03,4,2024-10-29 05:50:27.516003
710,360,A08-S3-B06,5,2024-11-13 05:50:27.516003
711,360,A08-S4-B02,3,2024-10-23 05:50:27.516003
712,360,A08-S3-B05,2,2024-11-01 05:50:27.516003
713,361,A03-S3-B04,2,2024-11-16 05:50:27.516531
714,362,A08-S2-B02,3,2024-10-31 05:50:27.516531
715,363,A03-S4-B05,4,2024-11-13 05:50:27.517061
716,363,A05-S3-B01,3,2024-11-15 05:50:27.517061
717,363,A04-S1-B01,5,2024-11-08 05:50:27.517061
718,364,A08-S1-B03,5,2024-11-16 05:50:27.517592
719,364,A08-S1-B01,3,2024-10-27 05:50:27.517592
720,364,A08-S1-B04,4,2024-11-05 05:50:27.517592
721,365,A10-S1-B03,5,2024-10-20 05:50:27.517592
722,365,A09-S2-B06,5,2024-10-20 05:50:27.517592
723,365,A10-S4-B05,2,2024-11-02 05:50:27.517592
724,366,A04-S2-B03,3,2024-11-13 05:50:27.518125
725,367,A08-S3-B05,2,2024-11-15 05:50:27.518125
726,368,A10-S1-B01,1,2024-11-11 05:50:27.518737
727,368,A09-S4-B02,5,2024-11-13 05:50:27.518737
728,368,A09-S2-B03,4,2024-10-24 05:50:27.518737
729,369,A02-S1-B05,1,2024-10-22 05:50:27.519242
730,369,A04-S1-B03,4,2024-11-09 05:50:27.519242
731,369,A02-S4-B01,4,2024-11-13 05:50:27.519242
732,370,A01-S1-B03,2,2024-11-10 05:50:27.519242
733,370,A01-S4-B01,2,2024-11-01 05:50:27.519242
734,370,A01-S3-B06,3,2024-11-05 05:50:27.519242
735,371,A05-S3-B01,4,2024-11-14 05:50:27.519242
736,372,A03-S2-B02,3,2024-11-16 05:50:27.519242
737,372,A01-S3-B06,3,2024-11-17 05:50:27.519242
738,372,A04-S2-B02,3,2024-10-20 05:50:27.519242
739,373,A01-S1-B05,5,2024-10-23 05:50:27.520961
740,374,A07-S1-B03,2,2024-11-03 05:50:27.521468
741,375,A03-S4-B04,1,2024-11-16 05:50:27.521468
742,375,A04-S4-B03,4,2024-11-04 05:50:27.521468
743,375,A03-S4-B06,1,2024-11-18 05:50:27.521468
744,376,A05-S1-B01,5,2024-11-07 05:50:27.521468
745,376,A04-S4-B06,5,2024-10-22 05:50:27.521468
746,376,A03-S3-B02,3,2024-11-17 05:50:27.521468
747,377,A06-S3-B02,5,2024-10-20 05:50:27.522904
748,377,A07-S1-B04,3,2024-11-10 05:50:27.522904
749,378,A01-S1-B03,1,2024-11-17 05:50:27.522904
750,378,A03-S2-B05,3,2024-11-09 05:50:27.522904
751,379,A06-S2-B01,5,2024-11-15 05:50:27.523410
752,379,A06-S1-B01,3,2024-11-08 05:50:27.523410
753,380,A01-S2-B05,1,2024-10-31 05:50:27.523410
754,380,A02-S3-B01,5,2024-10-26 05:50:27.523410
755,380,A03-S2-B01,2,2024-11-03 05:50:27.523410
756,381,A05-S4-B02,4,2024-10-30 05:50:27.523410
757,381,A01-S1-B01,1,2024-11-02 05:50:27.523410
758,381,A01-S1-B06,3,2024-11-08 05:50:27.523410
759,382,A06-S3-B05,1,2024-11-03 05:50:27.523410
760,383,A08-S2-B06,5,2024-11-05 05:50:27.523410
761,384,A09-S4-B03,4,2024-11-01 05:50:27.524916
762,384,A09-S1-B02,2,2024-11-08 05:50:27.524916
763,385,A07-S2-B06,5,2024-11-17 05:50:27.524916
764,385,A06-S4-B02,2,2024-10-28 05:50:27.524916
765,386,A07-S4-B06,5,2024-11-04 05:50:27.524916
766,386,A06-S4-B04,2,2024-11-06 05:50:27.524916
767,387,A04-S4-B03,2,2024-11-12 05:50:27.524916
768,387,A05-S4-B01,3,2024-11-13 05:50:27.524916
769,388,A04-S1-B05,3,2024-10-25 05:50:27.524916
770,388,A01-S4-B06,3,2024-11-11 05:50:27.524916
771,388,A04-S2-B03,5,2024-10-29 05:50:27.524916
772,389,A06-S2-B02,4,2024-11-09 05:50:27.524916
773,390,A07-S2-B03,2,2024-10-20 05:50:27.524916
774,391,A08-S1-B05,4,2024-11-14 05:50:27.524916
775,392,A01-S1-B04,5,2024-11-05 05:50:27.524916
776,393,A01-S2-B01,5,2024-11-15 05:50:27.524916
777,393,A03-S1-B03,3,2024-11-14 05:50:27.524916
778,394,A07-S3-B01,5,2024-11-15 05:50:27.524916
779,394,A06-S1-B05,3,2024-10-23 05:50:27.524916
780,395,A02-S4-B05,3,2024-10-30 05:50:27.524916
781,396,A10-S3-B05,1,2024-10-23 05:50:27.524916
782,396,A09-S2-B06,3,2024-11-08 05:50:27.524916
783,396,A10-S2-B04,3,2024-11-04 05:50:27.524916
784,397,A09-S1-B01,4,2024-10-30 05:50:27.524916
785,398,A03-S4-B04,1,2024-11-04 05:50:27.524916
786,399,A07-S2-B03,4,2024-11-15 05:50:27.524916
787,400,A06-S4-B03,2,2024-11-11 05:50:27.524916
788,401,A04-S3-B04,5,2024-11-08 05:50:27.524916
789,401,A01-S4-B03,1,2024-10-21 05:50:27.524916
790,402,A10-S3-B01,5,2024-10-20 05:50:27.524916
791,403,A08-S4-B04,1,2024-10-26 05:50:27.524916
792,403,A08-S2-B03,1,2024-10-21 05:50:27.524916
793,403,A08-S1-B02,3,2024-11-06 05:50:27.524916
794,404,A06-S1-B06,3,2024-10-29 05:50:27.524916
795,404,A06-S4-B01,2,2024-11-11 05:50:27.524916
796,405,A02-S3-B06,4,2024-11-18 05:50:27.524916
797,406,A10-S3-B06,3,2024-10-26 05:50:27.524916
798,407,A04-S1-B02,4,2024-11-01 05:50:27.524916
799,408,A03-S2-B05,5,2024-10-23 05:50:27.524916
800,408,A03-S4-B03,2,2024-10-26 05:50:27.524916
801,408,A01-S2-B03,2,2024-11-14 05:50:27.524916
802,409,A10-S3-B05,1,2024-10-29 05:50:27.524916
803,409,A10-S2-B01,1,2024-11-19 05:50:27.524916
804,409,A09-S3-B04,1,2024-11-03 05:50:27.524916
805,410,A04-S2-B01,1,2024-11-16 05:50:27.524916
806,410,A02-S2-B03,5,2024-11-11 05:50:27.524916
807,411,A03-S4-B02,2,2024-10-26 05:50:27.524916
808,411,A03-S3-B06,3,2024-10-25 05:50:27.524916
809,412,A08-S3-B02,3,2024-10-21 05:50:27.524916
810,413,A08-S3-B06,2,2024-11-14 05:50:27.524916
811,413,A08-S3-B04,1,2024-11-09 05:50:27.524916
812,413,A08-S3-B01,2,2024-11-06 05:50:27.524916
813,414,A08-S2-B05,2,2024-11-06 05:50:27.524916
814,414,A08-S4-B05,4,2024-11-01 05:50:27.524916
815,414,A08-S4-B01,1,2024-11-12 05:50:27.524916
816,415,A08-S4-B02,5,2024-10-23 05:50:27.524916
817,416,A03-S1-B06,5,2024-11-04 05:50:27.524916
818,416,A02-S3-B03,3,2024-11-06 05:50:27.524916
819,417,A01-S3-B01,4,2024-11-08 05:50:27.524916
820,417,A01-S3-B04,1,2024-11-08 05:50:27.524916
821,418,A03-S4-B03,2,2024-10-23 05:50:27.524916
822,419,A06-S1-B01,3,2024-11-17 05:50:27.524916
823,420,A07-S2-B04,1,2024-10-22 05:50:27.524916
824,420,A07-S4-B01,4,2024-10-20 05:50:27.524916
825,421,A07-S4-B01,1,2024-10-31 05:50:27.524916
826,421,A06-S4-B04,1,2024-11-03 05:50:27.524916
827,421,A07-S1-B03,5,2024-11-10 05:50:27.524916
828,422,A07-S1-B04,1,2024-11-14 05:50:27.524916
829,422,A06-S3-B04,5,2024-11-08 05:50:27.524916
830,423,A05-S3-B01,4,2024-10-27 05:50:27.524916
831,424,A02-S2-B04,2,2024-11-02 05:50:27.524916
832,425,A01-S4-B05,5,2024-10-22 05:50:27.524916
833,426,A08-S4-B03,2,2024-11-09 05:50:27.524916
834,426,A08-S3-B06,2,2024-10-22 05:50:27.524916
835,427,A04-S2-B05,4,2024-11-06 05:50:27.524916
836,428,A09-S3-B06,1,2024-10-25 05:50:27.524916
837,428,A10-S3-B02,3,2024-10-28 05:50:27.524916
838,429,A02-S2-B05,3,2024-10-29 05:50:27.524916
839,429,A05-S1-B03,5,2024-11-13 05:50:27.524916
840,429,A02-S2-B03,3,2024-11-13 05:50:27.524916
841,430,A04-S4-B06,3,2024-11-10 05:50:27.524916
842,430,A05-S4-B02,1,2024-11-05 05:50:27.524916
843,431,A04-S3-B05,2,2024-11-15 05:50:27.524916
844,432,A07-S3-B01,3,2024-11-17 05:50:27.524916
845,433,A08-S3-B04,4,2024-10-23 05:50:27.524916
846,434,A02-S1-B01,2,2024-11-18 05:50:27.524916
847,435,A05-S1-B06,4,2024-11-02 05:50:27.524916
848,435,A01-S2-B02,1,2024-11-04 05:50:27.524916
849,435,A03-S3-B06,3,2024-11-03 05:50:27.524916
850,436,A06-S1-B05,5,2024-10-24 05:50:27.541031
851,436,A06-S4-B06,5,2024-11-04 05:50:27.541031
852,436,A07-S2-B02,4,2024-10-27 05:50:27.541031
853,437,A04-S4-B05,3,2024-11-15 05:50:27.541538
854,438,A06-S1-B01,3,2024-11-07 05:50:27.541538
855,439,A07-S1-B06,4,2024-11-06 05:50:27.541538
856,440,A03-S3-B06,5,2024-10-25 05:50:27.541538
857,440,A02-S3-B06,3,2024-10-25 05:50:27.541538
858,441,A04-S3-B02,3,2024-11-08 05:50:27.541538
859,442,A08-S1-B03,2,2024-11-16 05:50:27.541538
860,442,A08-S3-B06,2,2024-11-16 05:50:27.541538
861,442,A08-S4-B01,5,2024-10-23 05:50:27.541538
862,443,A05-S2-B06,1,2024-10-28 05:50:27.541538
863,443,A02-S2-B05,4,2024-11-02 05:50:27.541538
864,443,A05-S4-B03,2,2024-11-13 05:50:27.541538
865,444,A05-S2-B04,4,2024-11-06 05:50:27.541538
866,444,A03-S2-B03,1,2024-11-17 05:50:27.541538
867,444,A01-S1-B03,3,2024-11-10 05:50:27.541538
868,445,A06-S2-B03,2,2024-11-16 05:50:27.541538
869,446,A09-S3-B02,1,2024-11-10 05:50:27.541538
870,446,A10-S4-B03,5,2024-11-08 05:50:27.541538
871,446,A10-S2-B05,3,2024-10-26 05:50:27.541538
872,447,A08-S1-B01,1,2024-11-14 05:50:27.541538
873,447,A08-S4-B02,5,2024-10-26 05:50:27.541538
874,448,A07-S2-B06,5,2024-11-04 05:50:27.541538
875,448,A07-S1-B05,4,2024-11-09 05:50:27.541538
876,449,A04-S4-B04,5,2024-11-16 05:50:27.541538
877,449,A01-S2-B06,1,2024-11-12 05:50:27.541538
878,449,A01-S4-B04,4,2024-11-10 05:50:27.541538
879,450,A04-S3-B04,4,2024-10-20 05:50:27.541538
880,451,A06-S1-B06,3,2024-11-16 05:50:27.541538
881,451,A06-S4-B03,1,2024-10-30 05:50:27.541538
882,452,A08-S2-B06,5,2024-11-15 05:50:27.541538
883,453,A03-S2-B05,4,2024-10-27 05:50:27.541538
884,453,A04-S2-B06,2,2024-10-31 05:50:27.541538
885,454,A10-S4-B02,2,2024-11-06 05:50:27.541538
886,455,A04-S3-B04,4,2024-10-28 05:50:27.541538
887,456,A02-S1-B04,3,2024-11-14 05:50:27.541538
888,457,A03-S1-B05,3,2024-10-24 05:50:27.541538
889,457,A03-S3-B01,1,2024-10-21 05:50:27.541538
890,458,A04-S3-B06,2,2024-10-20 05:50:27.541538
891,459,A04-S4-B01,2,2024-10-20 05:50:27.541538
892,459,A03-S2-B06,2,2024-10-28 05:50:27.541538
893,459,A03-S4-B06,5,2024-11-03 05:50:27.541538
894,460,A03-S1-B06,1,2024-10-25 05:50:27.541538
895,460,A01-S1-B04,5,2024-11-14 05:50:27.541538
896,461,A02-S3-B06,5,2024-10-28 05:50:27.541538
897,461,A02-S4-B04,3,2024-11-07 05:50:27.541538
898,462,A08-S1-B06,4,2024-10-25 05:50:27.541538
899,462,A08-S3-B02,4,2024-10-22 05:50:27.541538
900,463,A07-S4-B05,5,2024-10-23 05:50:27.541538
901,464,A08-S3-B04,4,2024-11-11 05:50:27.541538
902,464,A08-S1-B02,4,2024-11-02 05:50:27.541538
903,465,A08-S1-B01,5,2024-11-08 05:50:27.541538
904,465,A08-S3-B04,3,2024-11-08 05:50:27.541538
905,465,A08-S1-B06,2,2024-11-11 05:50:27.541538
906,466,A03-S3-B06,5,2024-11-19 05:50:27.541538
907,467,A02-S4-B06,3,2024-11-16 05:50:27.541538
908,467,A03-S3-B05,5,2024-11-16 05:50:27.541538
909,468,A09-S4-B01,3,2024-10-23 05:50:27.541538
910,468,A09-S3-B02,2,2024-11-12 05:50:27.541538
911,469,A04-S1-B02,3,2024-10-22 05:50:27.541538
912,469,A02-S3-B04,3,2024-11-13 05:50:27.541538
913,469,A05-S3-B04,2,2024-10-21 05:50:27.541538
914,470,A08-S1-B06,4,2024-11-17 05:50:27.541538
915,470,A08-S3-B06,5,2024-10-22 05:50:27.541538
916,471,A01-S1-B03,2,2024-11-02 05:50:27.541538
917,471,A02-S4-B04,5,2024-11-15 05:50:27.541538
918,472,A08-S1-B03,1,2024-11-16 05:50:27.541538
919,472,A08-S4-B01,1,2024-10-22 05:50:27.541538
920,473,A05-S3-B04,1,2024-10-27 05:50:27.541538
921,473,A05-S2-B04,4,2024-11-18 05:50:27.541538
922,474,A09-S3-B03,2,2024-10-23 05:50:27.541538
923,474,A10-S1-B02,3,2024-11-19 05:50:27.541538
924,474,A09-S4-B05,2,2024-11-05 05:50:27.541538
925,475,A08-S2-B04,4,2024-10-31 05:50:27.541538
926,475,A08-S1-B05,3,2024-10-28 05:50:27.541538
927,475,A08-S1-B03,3,2024-11-15 05:50:27.541538
928,476,A08-S1-B06,5,2024-11-15 05:50:27.541538
929,476,A08-S1-B03,5,2024-11-14 05:50:27.541538
930,477,A01-S1-B01,2,2024-10-27 05:50:27.541538
931,478,A08-S3-B06,2,2024-11-03 05:50:27.541538
932,478,A08-S4-B05,5,2024-11-04 05:50:27.541538
933,479,A08-S2-B06,2,2024-10-30 05:50:27.556550
934,479,A08-S1-B03,3,2024-11-12 05:50:27.556550
935,479,A08-S4-B05,4,2024-11-08 05:50:27.556550
936,480,A08-S2-B01,4,2024-11-06 05:50:27.556550
937,481,A08-S1-B04,4,2024-11-03 05:50:27.556550
938,481,A08-S3-B03,4,2024-11-14 05:50:27.556550
939,481,A08-S4-B05,2,2024-11-02 05:50:27.556550
940,482,A07-S1-B03,2,2024-11-14 05:50:27.556550
941,482,A06-S1-B05,3,2024-11-19 05:50:27.556550
942,483,A02-S2-B06,1,2024-11-18 05:50:27.556550
943,484,A08-S4-B02,4,2024-10-28 05:50:27.556550
944,484,A08-S3-B05,2,2024-10-29 05:50:27.556550
945,484,A08-S1-B04,1,2024-10-31 05:50:27.556550
946,485,A08-S1-B03,5,2024-11-12 05:50:27.556550
947,485,A08-S3-B05,5,2024-11-12 05:50:27.556550
948,486,A10-S4-B03,5,2024-11-15 05:50:27.556550
949,486,A09-S2-B04,4,2024-11-11 05:50:27.556550
950,486,A10-S3-B01,2,2024-11-12 05:50:27.556550
951,487,A02-S1-B01,2,2024-10-26 05:50:27.556550
952,487,A04-S4-B03,1,2024-11-05 05:50:27.556550
953,487,A04-S4-B04,1,2024-11-19 05:50:27.556550
954,488,A01-S4-B06,1,2024-11-11 05:50:27.556550
955,488,A05-S2-B03,4,2024-11-05 05:50:27.556550
956,489,A08-S1-B06,4,2024-10-26 05:50:27.556550
957,489,A08-S1-B04,5,2024-10-25 05:50:27.556550
958,490,A10-S4-B03,1,2024-11-19 05:50:27.556550
959,491,A03-S3-B06,3,2024-11-04 05:50:27.556550
960,492,A08-S4-B04,5,2024-11-07 05:50:27.556550
961,493,A05-S2-B05,1,2024-10-20 05:50:27.556550
962,493,A02-S3-B01,3,2024-10-20 05:50:27.556550
963,493,A02-S1-B06,5,2024-11-19 05:50:27.556550
964,494,A03-S4-B05,2,2024-10-23 05:50:27.556550
965,494,A02-S1-B03,1,2024-11-04 05:50:27.556550
966,494,A03-S1-B06,5,2024-10-22 05:50:27.556550
967,495,A02-S1-B05,1,2024-11-13 05:50:27.556550
968,496,A04-S3-B06,5,2024-11-03 05:50:27.556550
969,497,A08-S3-B01,2,2024-10-31 05:50:27.556550
970,497,A08-S4-B03,2,2024-11-05 05:50:27.556550
971,497,A08-S4-B04,5,2024-10-24 05:50:27.556550
972,498,A02-S3-B06,2,2024-11-09 05:50:27.556550
973,499,A08-S3-B03,2,2024-10-27 05:50:27.556550
974,499,A08-S4-B01,3,2024-10-25 05:50:27.556550
975,500,A08-S3-B06,4,2024-10-26 05:50:27.556550
976,500,A08-S4-B05,3,2024-10-25 05:50:27.556550
977,501,A06-S1-B05,5,2024-10-24 05:50:27.556550
978,501,A06-S4-B04,2,2024-10-24 05:50:27.556550
979,501,A07-S3-B02,5,2024-11-19 05:50:27.556550
980,502,A08-S4-B06,1,2024-11-07 05:50:27.556550
981,502,A08-S1-B05,1,2024-11-16 05:50:27.556550
982,503,A04-S4-B03,4,2024-10-30 05:50:27.556550
983,504,A07-S3-B06,2,2024-11-09 05:50:27.556550
984,504,A07-S3-B01,3,2024-11-07 05:50:27.556550
985,505,A07-S3-B05,2,2024-10-30 05:50:27.556550
986,505,A06-S3-B01,4,2024-10-30 05:50:27.556550
987,505,A07-S1-B04,1,2024-10-31 05:50:27.556550
988,506,A04-S1-B05,1,2024-11-03 05:50:27.556550
989,506,A04-S2-B04,2,2024-10-24 05:50:27.556550
990,507,A10-S1-B05,4,2024-11-19 05:50:27.556550
991,507,A09-S3-B04,5,2024-11-10 05:50:27.556550
992,507,A09-S1-B05,1,2024-11-12 05:50:27.556550
993,508,A06-S4-B05,5,2024-11-03 05:50:27.556550
994,508,A07-S3-B04,5,2024-11-06 05:50:27.556550
995,509,A10-S4-B04,3,2024-11-10 05:50:27.556550
996,509,A10-S1-B03,3,2024-10-26 05:50:27.556550
997,510,A07-S3-B01,2,2024-11-11 05:50:27.556550
998,510,A06-S4-B04,1,2024-11-08 05:50:27.556550
999,510,A07-S2-B04,5,2024-11-05 05:50:27.556550
1000,511,A08-S4-B01,2,2024-10-21 05:50:27.556550
1001,511,A08-S1-B01,1,2024-10-31 05:50:27.556550
1002,512,A02-S1-B06,2,2024-11-10 05:50:27.556550
1003,513,A10-S1-B03,2,2024-10-24 05:50:27.556550
1004,513,A10-S2-B06,4,2024-11-14 05:50:27.556550
1005,513,A09-S3-B06,1,2024-11-07 05:50:27.556550
1006,514,A10-S3-B03,1,2024-10-24 05:50:27.556550
1007,514,A09-S4-B03,1,2024-11-17 05:50:27.556550
1008,514,A10-S1-B05,1,2024-10-30 05:50:27.556550
1009,515,A04-S4-B06,4,2024-10-25 05:50:27.556550
1010,515,A01-S3-B03,3,2024-10-28 05:50:27.556550
1011,515,A05-S3-B03,3,2024-10-25 05:50:27.556550
1012,516,A01-S1-B06,3,2024-11-08 05:50:27.556550
1013,516,A04-S2-B03,4,2024-11-12 05:50:27.556550
1014,516,A03-S2-B05,5,2024-10-22 05:50:27.556550
1015,517,A03-S2-B02,2,2024-11-04 05:50:27.556550
1016,518,A07-S1-B03,2,2024-11-08 05:50:27.556550
1017,518,A07-S3-B05,4,2024-11-07 05:50:27.556550
1018,518,A06-S3-B02,1,2024-11-01 05:50:27.556550
1019,519,A08-S3-B05,5,2024-11-02 05:50:27.556550
1020,519,A08-S2-B03,1,2024-11-15 05:50:27.556550
1021,519,A08-S3-B04,1,2024-11-04 05:50:27.556550
1022,520,A03-S1-B04,5,2024-10-31 05:50:27.556550
1023,520,A02-S4-B02,3,2024-11-08 05:50:27.556550
1024,521,A08-S1-B06,4,2024-11-10 05:50:27.556550
1025,521,A08-S1-B04,5,2024-11-16 05:50:27.556550
1026,522,A03-S1-B01,4,2024-11-19 05:50:27.556550
1027,522,A04-S1-B06,3,2024-10-30 05:50:27.556550
1028,522,A01-S3-B05,4,2024-11-07 05:50:27.556550
1029,523,A08-S4-B03,4,2024-10-24 05:50:27.556550
1030,523,A08-S4-B01,1,2024-11-14 05:50:27.556550
1031,524,A07-S1-B03,4,2024-11-02 05:50:27.556550
1032,524,A06-S3-B05,3,2024-10-25 05:50:27.556550
1033,525,A07-S4-B04,1,2024-10-28 05:50:27.556550
1034,525,A06-S2-B02,4,2024-10-27 05:50:27.556550
1035,525,A07-S3-B04,4,2024-10-22 05:50:27.556550
1036,526,A03-S2-B03,4,2024-10-23 05:50:27.556550
1037,526,A04-S2-B02,1,2024-10-24 05:50:27.556550
1038,527,A03-S4-B03,3,2024-11-17 05:50:27.556550
1039,527,A01-S2-B05,2,2024-10-22 05:50:27.556550
1040,528,A03-S3-B03,2,2024-10-28 05:50:27.556550
1041,528,A01-S4-B05,5,2024-11-04 05:50:27.556550
1042,529,A02-S4-B01,5,2024-11-05 05:50:27.556550
1043,530,A10-S3-B05,4,2024-11-15 05:50:27.556550
1044,530,A10-S2-B02,3,2024-11-04 05:50:27.556550
1045,530,A09-S1-B04,4,2024-11-02 05:50:27.556550
1046,531,A07-S3-B02,5,2024-11-13 05:50:27.556550
1047,531,A06-S3-B01,5,2024-11-16 05:50:27.556550
1048,532,A08-S4-B06,4,2024-11-05 05:50:27.572195
1049,533,A08-S1-B04,1,2024-11-11 05:50:27.572195
1050,534,A08-S3-B01,1,2024-10-31 05:50:27.572195
1051,534,A08-S1-B01,2,2024-11-11 05:50:27.572195
1052,534,A08-S3-B02,5,2024-11-11 05:50:27.572195
1053,535,A06-S1-B04,1,2024-11-10 05:50:27.572195
1054,536,A10-S3-B02,4,2024-11-13 05:50:27.572195
1055,536,A09-S2-B04,2,2024-11-08 05:50:27.572195
1056,537,A07-S3-B06,4,2024-11-12 05:50:27.572195
1057,537,A07-S2-B02,2,2024-11-12 05:50:27.572195
1058,538,A01-S2-B05,1,2024-11-11 05:50:27.572195
1059,538,A05-S4-B06,1,2024-10-31 05:50:27.572195
1060,538,A03-S1-B03,1,2024-11-12 05:50:27.572195
1061,539,A03-S3-B01,4,2024-10-21 05:50:27.572195
1062,539,A01-S3-B04,1,2024-10-26 05:50:27.572195
1063,540,A04-S1-B03,2,2024-10-27 05:50:27.572195
1064,541,A08-S2-B06,3,2024-11-16 05:50:27.572195
1065,541,A08-S2-B01,4,2024-11-13 05:50:27.572195
1066,541,A08-S1-B06,1,2024-10-29 05:50:27.572195
1067,542,A08-S3-B02,3,2024-10-27 05:50:27.572195
1068,543,A02-S2-B05,3,2024-11-18 05:50:27.572195
1069,544,A06-S1-B02,4,2024-11-03 05:50:27.572195
1070,544,A06-S4-B04,5,2024-10-23 05:50:27.572195
1071,544,A06-S1-B03,2,2024-11-01 05:50:27.572195
1072,545,A08-S2-B04,1,2024-10-31 05:50:27.572195
1073,545,A08-S3-B02,1,2024-11-09 05:50:27.572195
1074,546,A04-S4-B02,2,2024-10-22 05:50:27.572195
1075,547,A01-S1-B04,1,2024-10-29 05:50:27.572195
1076,548,A07-S2-B03,4,2024-11-15 05:50:27.572195
1077,549,A08-S1-B02,5,2024-11-04 05:50:27.572195
1078,549,A08-S1-B05,2,2024-11-12 05:50:27.572195
1079,549,A08-S4-B02,1,2024-10-23 05:50:27.572195
1080,550,A07-S1-B01,5,2024-11-02 05:50:27.572195
1081,550,A07-S3-B03,3,2024-11-07 05:50:27.572195
1082,551,A08-S4-B03,3,2024-11-11 05:50:27.572195
1083,552,A10-S4-B05,5,2024-11-11 05:50:27.572195
1084,553,A08-S2-B06,3,2024-10-20 05:50:27.572195
1085,553,A08-S3-B06,5,2024-10-20 05:50:27.572195
1086,553,A08-S4-B02,2,2024-10-27 05:50:27.572195
1087,554,A08-S2-B06,5,2024-11-19 05:50:27.572195
1088,554,A08-S1-B06,2,2024-11-12 05:50:27.572195
1089,554,A08-S3-B02,3,2024-10-29 05:50:27.572195
1090,555,A09-S4-B06,3,2024-11-16 05:50:27.572195
1091,555,A09-S3-B05,2,2024-11-07 05:50:27.572195
1092,556,A02-S2-B01,1,2024-11-05 05:50:27.572195
1093,557,A03-S1-B06,3,2024-10-29 05:50:27.572195
1094,558,A02-S2-B01,1,2024-11-03 05:50:27.572195
1095,558,A01-S1-B01,3,2024-11-13 05:50:27.572195
1096,558,A04-S1-B06,3,2024-11-11 05:50:27.572195
1097,559,A07-S3-B03,3,2024-10-26 05:50:27.572195
1098,560,A08-S4-B03,1,2024-11-08 05:50:27.572195
1099,560,A08-S4-B05,2,2024-10-21 05:50:27.572195
1100,560,A08-S1-B05,2,2024-11-13 05:50:27.572195
1101,561,A06-S4-B03,4,2024-10-29 05:50:27.572195
1102,561,A06-S3-B04,3,2024-10-22 05:50:27.572195
1103,561,A06-S2-B04,5,2024-11-06 05:50:27.572195
1104,562,A02-S3-B06,1,2024-11-02 05:50:27.572195
1105,562,A04-S1-B01,3,2024-11-03 05:50:27.572195
1106,563,A03-S2-B03,2,2024-10-24 05:50:27.572195
1107,563,A02-S2-B05,4,2024-11-18 05:50:27.572195
1108,564,A04-S2-B03,1,2024-11-16 05:50:27.572195
1109,565,A05-S2-B03,5,2024-10-31 05:50:27.572195
1110,566,A08-S2-B04,4,2024-11-03 05:50:27.572195
1111,566,A08-S4-B03,5,2024-11-12 05:50:27.572195
1112,567,A05-S4-B05,3,2024-10-25 05:50:27.572195
1113,567,A02-S4-B05,3,2024-10-30 05:50:27.572195
1114,568,A02-S2-B05,4,2024-11-09 05:50:27.572195
1115,568,A04-S1-B02,4,2024-11-04 05:50:27.572195
1116,569,A09-S4-B03,2,2024-10-25 05:50:27.572195
1117,569,A10-S1-B05,3,2024-10-27 05:50:27.572195
1118,570,A05-S3-B05,3,2024-10-27 05:50:27.572195
1119,570,A02-S1-B05,4,2024-11-04 05:50:27.572195
1120,570,A04-S2-B02,5,2024-11-01 05:50:27.572195
1121,571,A08-S1-B04,1,2024-11-18 05:50:27.572195
1122,571,A08-S2-B04,2,2024-10-25 05:50:27.572195
1123,572,A07-S2-B04,1,2024-10-26 05:50:27.572195
1124,572,A07-S1-B01,2,2024-10-28 05:50:27.572195
1125,572,A07-S1-B06,3,2024-11-05 05:50:27.572195
1126,573,A02-S1-B03,3,2024-11-03 05:50:27.572195
1127,574,A08-S3-B02,3,2024-11-10 05:50:27.572195
1128,574,A08-S1-B03,4,2024-11-12 05:50:27.572195
1129,575,A10-S2-B03,4,2024-11-16 05:50:27.572195
1130,575,A09-S1-B05,4,2024-11-14 05:50:27.572195
1131,575,A09-S3-B06,3,2024-10-31 05:50:27.572195
1132,576,A10-S3-B04,2,2024-11-15 05:50:27.572195
1133,576,A09-S4-B01,2,2024-11-01 05:50:27.572195
1134,577,A04-S1-B01,3,2024-11-05 05:50:27.572195
1135,577,A01-S1-B06,2,2024-10-24 05:50:27.572195
1136,577,A03-S4-B02,3,2024-10-24 05:50:27.572195
1137,578,A10-S4-B04,5,2024-10-22 05:50:27.572195
1138,578,A09-S3-B06,2,2024-11-15 05:50:27.572195
1139,579,A01-S4-B05,4,2024-10-29 05:50:27.587809
1140,579,A01-S2-B04,5,2024-10-28 05:50:27.587809
1141,579,A03-S4-B02,2,2024-11-15 05:50:27.587809
1142,580,A02-S1-B04,3,2024-11-15 05:50:27.587809
1143,580,A01-S3-B03,5,2024-11-18 05:50:27.587809
1144,580,A01-S4-B01,1,2024-10-20 05:50:27.587809
1145,581,A02-S4-B02,2,2024-10-24 05:50:27.587809
1146,581,A04-S3-B05,5,2024-11-16 05:50:27.587809
1147,581,A03-S4-B04,3,2024-11-12 05:50:27.587809
1148,582,A08-S2-B01,4,2024-11-17 05:50:27.587809
1149,582,A08-S2-B04,5,2024-11-12 05:50:27.587809
1150,582,A08-S3-B02,1,2024-10-31 05:50:27.587809
1151,583,A03-S3-B01,4,2024-10-28 05:50:27.587809
1152,583,A02-S3-B06,4,2024-10-23 05:50:27.587809
1153,584,A04-S3-B02,3,2024-11-17 05:50:27.587809
1154,584,A05-S4-B01,2,2024-10-21 05:50:27.587809
1155,584,A05-S1-B01,1,2024-11-17 05:50:27.587809
1156,585,A08-S4-B01,5,2024-10-21 05:50:27.587809
1157,586,A01-S1-B03,1,2024-11-17 05:50:27.587809
1158,586,A02-S3-B02,5,2024-10-24 05:50:27.587809
1159,587,A03-S3-B01,4,2024-11-02 05:50:27.587809
1160,587,A04-S2-B03,1,2024-11-19 05:50:27.587809
1161,587,A01-S3-B02,4,2024-10-29 05:50:27.587809
1162,588,A01-S4-B02,2,2024-11-19 05:50:27.587809
1163,588,A01-S3-B03,1,2024-11-15 05:50:27.587809
1164,589,A04-S3-B06,1,2024-11-08 05:50:27.587809
1165,589,A05-S4-B04,3,2024-11-19 05:50:27.587809
1166,590,A01-S1-B06,4,2024-11-09 05:50:27.587809
1167,590,A01-S2-B03,4,2024-10-30 05:50:27.587809
1168,591,A01-S4-B04,4,2024-11-18 05:50:27.587809
1169,592,A08-S4-B05,3,2024-11-16 05:50:27.587809
1170,592,A08-S3-B05,3,2024-10-27 05:50:27.587809
1171,593,A02-S3-B04,5,2024-10-28 05:50:27.587809
1172,593,A04-S2-B04,5,2024-11-01 05:50:27.587809
1173,594,A05-S1-B01,5,2024-11-01 05:50:27.587809
1174,594,A05-S3-B06,2,2024-11-14 05:50:27.587809
1175,594,A02-S1-B05,3,2024-10-20 05:50:27.587809
1176,595,A10-S1-B02,5,2024-11-11 05:50:27.587809
1177,595,A10-S3-B02,1,2024-11-09 05:50:27.587809
1178,596,A02-S2-B06,4,2024-11-01 05:50:27.587809
1179,597,A06-S4-B02,2,2024-11-09 05:50:27.587809
1180,597,A07-S4-B03,4,2024-11-13 05:50:27.587809
1181,598,A04-S2-B03,4,2024-10-23 05:50:27.587809
1182,598,A02-S3-B05,4,2024-10-30 05:50:27.587809
1183,598,A05-S2-B03,1,2024-11-07 05:50:27.587809
1184,599,A04-S1-B02,4,2024-11-04 05:50:27.594584
1185,599,A02-S3-B05,1,2024-11-03 05:50:27.594584
1186,599,A03-S1-B02,2,2024-11-02 05:50:27.594584
1187,600,A01-S3-B06,3,2024-11-19 05:50:27.594584
1188,600,A02-S1-B04,3,2024-11-06 05:50:27.594584
1189,600,A01-S1-B02,2,2024-11-07 05:50:27.594584
1190,601,A04-S4-B05,3,2024-10-28 05:50:27.594584
1191,601,A05-S2-B05,5,2024-11-03 05:50:27.594584
1192,601,A01-S1-B06,4,2024-11-09 05:50:27.594584
1193,602,A05-S1-B04,2,2024-11-04 05:50:27.595595
1194,602,A05-S4-B02,4,2024-11-04 05:50:27.595595
1195,603,A05-S2-B03,1,2024-11-09 05:50:27.595595
1196,603,A01-S1-B02,2,2024-10-28 05:50:27.595595
1197,603,A03-S3-B05,1,2024-11-17 05:50:27.595595
1198,604,A01-S1-B02,2,2024-11-15 05:50:27.596628
1199,604,A03-S3-B04,3,2024-10-27 05:50:27.596628
1200,605,A04-S1-B03,3,2024-11-09 05:50:27.596628
1201,605,A03-S2-B03,1,2024-10-22 05:50:27.596628
1202,605,A05-S3-B01,3,2024-11-08 05:50:27.596628
1203,606,A04-S2-B03,4,2024-11-09 05:50:27.596628
1204,607,A05-S1-B04,5,2024-11-19 05:50:27.597649
1205,607,A01-S2-B01,2,2024-11-13 05:50:27.597649
1206,607,A01-S4-B06,2,2024-10-26 05:50:27.597649
1207,608,A03-S4-B03,3,2024-10-20 05:50:27.597649
1208,608,A04-S3-B03,4,2024-10-24 05:50:27.597649
1209,609,A08-S3-B06,5,2024-11-05 05:50:27.597649
1210,609,A08-S2-B03,1,2024-11-11 05:50:27.597649
1211,610,A06-S3-B06,2,2024-10-23 05:50:27.597649
1212,610,A06-S1-B01,3,2024-10-26 05:50:27.597649
1213,611,A04-S2-B02,3,2024-11-02 05:50:27.597649
1214,612,A07-S4-B04,3,2024-10-20 05:50:27.597649
1215,612,A07-S1-B05,3,2024-11-04 05:50:27.597649
1216,612,A07-S2-B01,1,2024-10-23 05:50:27.597649
1217,613,A08-S2-B06,1,2024-11-02 05:50:27.597649
1218,613,A08-S2-B01,2,2024-11-02 05:50:27.597649
1219,613,A08-S1-B02,3,2024-10-30 05:50:27.597649
1220,614,A04-S3-B05,5,2024-11-06 05:50:27.597649
1221,614,A04-S1-B02,5,2024-11-01 05:50:27.597649
1222,614,A02-S3-B05,5,2024-11-08 05:50:27.597649
1223,615,A10-S2-B03,2,2024-10-21 05:50:27.597649
1224,615,A09-S3-B05,2,2024-11-18 05:50:27.597649
1225,615,A10-S2-B02,1,2024-11-01 05:50:27.597649
1226,616,A10-S2-B06,4,2024-10-27 05:50:27.597649
1227,616,A10-S1-B01,4,2024-10-24 05:50:27.597649
1228,616,A10-S4-B03,5,2024-10-21 05:50:27.597649
1229,617,A05-S1-B06,1,2024-11-18 05:50:27.597649
1230,617,A03-S1-B05,2,2024-11-04 05:50:27.597649
1231,617,A04-S2-B02,3,2024-11-10 05:50:27.597649
1232,618,A05-S2-B01,4,2024-11-08 05:50:27.597649
1233,619,A06-S3-B02,2,2024-10-26 05:50:27.597649
1234,620,A07-S2-B02,3,2024-10-22 05:50:27.597649
1235,621,A02-S3-B01,3,2024-10-21 05:50:27.597649
1236,622,A04-S4-B03,1,2024-10-22 05:50:27.597649
1237,623,A03-S3-B02,1,2024-10-21 05:50:27.597649
1238,624,A02-S3-B01,4,2024-11-03 05:50:27.597649
1239,624,A01-S4-B06,3,2024-11-19 05:50:27.597649
1240,625,A08-S3-B03,5,2024-11-06 05:50:27.597649
1241,626,A01-S2-B05,4,2024-10-26 05:50:27.597649
1242,626,A01-S4-B01,3,2024-11-01 05:50:27.597649
1243,626,A05-S1-B04,1,2024-10-25 05:50:27.597649
1244,627,A03-S1-B05,2,2024-10-20 05:50:27.597649
1245,627,A01-S1-B03,1,2024-10-28 05:50:27.597649
1246,628,A06-S4-B04,2,2024-10-29 05:50:27.603655
1247,628,A06-S2-B03,3,2024-11-14 05:50:27.603655
1248,629,A03-S3-B02,4,2024-10-28 05:50:27.603655
1249,629,A05-S1-B05,2,2024-11-13 05:50:27.603655
1250,630,A04-S1-B01,2,2024-11-12 05:50:27.603655
1251,630,A01-S4-B01,2,2024-10-20 05:50:27.603655
1252,631,A06-S1-B06,5,2024-11-08 05:50:27.603655
1253,631,A06-S2-B05,3,2024-10-23 05:50:27.603655
1254,632,A10-S3-B03,3,2024-11-14 05:50:27.603655
1255,632,A10-S4-B01,1,2024-11-03 05:50:27.603655
1256,633,A08-S1-B05,2,2024-11-16 05:50:27.603655
1257,633,A08-S4-B05,1,2024-11-04 05:50:27.603655
1258,633,A08-S3-B03,2,2024-11-13 05:50:27.603655
1259,634,A08-S4-B02,5,2024-10-22 05:50:27.603655
1260,635,A05-S2-B03,3,2024-10-21 05:50:27.603655
1261,635,A04-S2-B02,5,2024-10-25 05:50:27.603655
1262,636,A04-S1-B03,1,2024-10-31 05:50:27.603655
1263,636,A04-S2-B03,2,2024-11-18 05:50:27.603655
1264,637,A08-S4-B04,2,2024-11-14 05:50:27.603655
1265,638,A04-S4-B02,5,2024-10-26 05:50:27.603655
1266,638,A04-S2-B01,5,2024-10-20 05:50:27.603655
1267,638,A01-S2-B01,4,2024-10-24 05:50:27.603655
1268,639,A02-S2-B04,1,2024-11-18 05:50:27.603655
1269,639,A04-S1-B02,1,2024-11-04 05:50:27.603655
1270,639,A04-S2-B01,3,2024-10-31 05:50:27.603655
1271,640,A04-S4-B06,1,2024-11-01 05:50:27.603655
1272,641,A02-S2-B01,2,2024-10-24 05:50:27.603655
1273,641,A02-S3-B04,2,2024-11-06 05:50:27.603655
1274,641,A02-S3-B02,2,2024-11-14 05:50:27.603655
1275,642,A02-S3-B02,3,2024-10-27 05:50:27.603655
1276,643,A01-S3-B02,1,2024-11-02 05:50:27.603655
1277,643,A01-S3-B04,1,2024-10-24 05:50:27.603655
1278,643,A03-S3-B01,2,2024-10-26 05:50:27.603655
1279,644,A01-S4-B02,3,2024-11-05 05:50:27.603655
1280,644,A03-S4-B01,1,2024-11-02 05:50:27.603655
1281,644,A01-S3-B02,4,2024-11-16 05:50:27.603655
1282,645,A04-S4-B05,5,2024-10-24 05:50:27.603655
1283,646,A10-S4-B06,3,2024-11-14 05:50:27.603655
1284,646,A09-S3-B01,5,2024-11-08 05:50:27.603655
1285,647,A08-S3-B02,1,2024-11-14 05:50:27.603655
1286,648,A07-S3-B03,5,2024-10-30 05:50:27.603655
1287,648,A07-S3-B02,5,2024-10-26 05:50:27.603655
1288,649,A06-S3-B04,4,2024-11-05 05:50:27.603655
1289,649,A06-S2-B06,4,2024-11-01 05:50:27.603655
1290,650,A04-S3-B06,2,2024-10-24 05:50:27.603655
1291,650,A02-S1-B05,4,2024-10-23 05:50:27.603655
1292,651,A02-S4-B02,3,2024-11-18 05:50:27.603655
1293,651,A04-S4-B03,4,2024-11-07 05:50:27.603655
1294,651,A02-S1-B01,5,2024-11-16 05:50:27.603655
1295,652,A08-S2-B03,3,2024-11-03 05:50:27.603655
1296,652,A08-S3-B06,1,2024-11-04 05:50:27.603655
1297,653,A08-S1-B03,3,2024-11-02 05:50:27.603655
1298,654,A06-S2-B03,2,2024-11-18 05:50:27.603655
1299,654,A06-S4-B04,5,2024-11-04 05:50:27.603655
1300,655,A02-S4-B05,2,2024-10-29 05:50:27.603655
1301,655,A04-S3-B05,5,2024-10-27 05:50:27.603655
1302,655,A04-S1-B06,1,2024-11-18 05:50:27.603655
1303,656,A04-S3-B05,5,2024-11-17 05:50:27.603655
1304,657,A01-S3-B01,2,2024-10-30 05:50:27.603655
1305,658,A04-S2-B02,1,2024-10-30 05:50:27.603655
1306,658,A02-S4-B05,3,2024-11-04 05:50:27.603655
1307,659,A08-S1-B06,1,2024-10-22 05:50:27.603655
1308,659,A08-S4-B02,1,2024-11-01 05:50:27.603655
1309,660,A08-S4-B02,3,2024-10-23 05:50:27.603655
1310,660,A08-S3-B02,4,2024-11-04 05:50:27.603655
1311,661,A01-S4-B03,2,2024-10-29 05:50:27.603655
1312,662,A08-S2-B06,4,2024-11-15 05:50:27.603655
1313,662,A08-S3-B03,1,2024-10-27 05:50:27.603655
1314,662,A08-S2-B04,4,2024-11-14 05:50:27.603655
1315,663,A08-S2-B03,2,2024-11-09 05:50:27.603655
1316,663,A08-S3-B06,5,2024-11-19 05:50:27.603655
1317,664,A02-S3-B03,3,2024-11-10 05:50:27.603655
1318,664,A04-S3-B04,3,2024-11-02 05:50:27.603655
1319,664,A01-S1-B06,1,2024-11-15 05:50:27.603655
1320,665,A05-S3-B01,2,2024-10-20 05:50:27.603655
1321,666,A05-S3-B01,5,2024-10-28 05:50:27.603655
1322,666,A05-S2-B04,3,2024-11-17 05:50:27.603655
1323,666,A03-S1-B01,2,2024-10-25 05:50:27.603655
1324,667,A01-S1-B02,3,2024-10-26 05:50:27.603655
1325,668,A04-S2-B06,4,2024-11-04 05:50:27.603655
1326,668,A03-S2-B03,4,2024-10-21 05:50:27.603655
1327,668,A03-S3-B06,4,2024-11-17 05:50:27.603655
1328,669,A02-S3-B03,5,2024-11-05 05:50:27.603655
1329,669,A04-S1-B03,1,2024-11-07 05:50:27.603655
1330,669,A04-S3-B03,3,2024-11-17 05:50:27.603655
1331,670,A02-S1-B01,1,2024-11-09 05:50:27.603655
1332,670,A01-S2-B03,3,2024-10-22 05:50:27.603655
1333,671,A05-S3-B02,1,2024-11-01 05:50:27.603655
1334,671,A02-S2-B01,3,2024-11-07 05:50:27.603655
1335,672,A09-S1-B04,1,2024-11-11 05:50:27.603655
1336,672,A09-S4-B01,2,2024-11-11 05:50:27.603655
1337,672,A09-S1-B03,5,2024-10-28 05:50:27.603655
1338,673,A05-S2-B04,2,2024-11-18 05:50:27.603655
1339,674,A08-S3-B04,5,2024-11-07 05:50:27.603655
1340,675,A02-S3-B05,2,2024-11-10 05:50:27.603655
1341,675,A01-S1-B05,3,2024-11-09 05:50:27.603655
1342,676,A08-S3-B01,3,2024-11-08 05:50:27.603655
1343,677,A01-S2-B05,4,2024-11-09 05:50:27.619299
1344,677,A05-S1-B03,3,2024-11-07 05:50:27.619299
1345,677,A03-S1-B05,2,2024-11-09 05:50:27.619299
1346,678,A02-S4-B03,3,2024-10-29 05:50:27.619299
1347,679,A08-S3-B03,2,2024-11-07 05:50:27.619299
1348,679,A08-S3-B02,5,2024-11-08 05:50:27.619299
1349,680,A09-S3-B05,5,2024-10-27 05:50:27.619299
1350,680,A09-S1-B02,3,2024-10-25 05:50:27.619299
1351,680,A09-S4-B04,5,2024-10-28 05:50:27.619299
1352,681,A07-S4-B04,3,2024-11-14 05:50:27.619299
1353,681,A07-S2-B06,1,2024-10-22 05:50:27.619299
1354,681,A06-S1-B05,3,2024-11-06 05:50:27.619299
1355,682,A02-S3-B05,5,2024-11-18 05:50:27.619299
1356,682,A01-S3-B04,4,2024-11-05 05:50:27.619299
1357,682,A01-S3-B03,2,2024-11-08 05:50:27.619299
1358,683,A05-S1-B01,3,2024-10-23 05:50:27.619299
1359,684,A07-S3-B02,4,2024-10-30 05:50:27.619299
1360,684,A07-S2-B05,2,2024-11-08 05:50:27.619299
1361,685,A09-S1-B05,4,2024-11-19 05:50:27.619299
1362,685,A09-S1-B06,1,2024-10-20 05:50:27.619299
1363,685,A09-S3-B05,1,2024-11-13 05:50:27.619299
1364,686,A08-S1-B06,1,2024-11-13 05:50:27.619299
1365,686,A08-S3-B04,1,2024-11-03 05:50:27.619299
1366,687,A08-S2-B02,4,2024-11-11 05:50:27.619299
1367,687,A08-S4-B06,1,2024-10-25 05:50:27.619299
1368,687,A08-S4-B05,3,2024-11-18 05:50:27.619299
1369,688,A03-S1-B04,2,2024-11-17 05:50:27.619299
1370,688,A04-S3-B03,1,2024-10-22 05:50:27.619299
1371,688,A05-S4-B05,2,2024-11-06 05:50:27.619299
1372,689,A06-S1-B04,1,2024-11-09 05:50:27.619299
1373,689,A07-S3-B03,4,2024-11-10 05:50:27.619299
1374,690,A03-S1-B01,1,2024-10-31 05:50:27.619299
1375,690,A01-S1-B02,1,2024-11-04 05:50:27.619299
1376,690,A03-S2-B04,2,2024-10-21 05:50:27.619299
1377,691,A03-S3-B03,4,2024-11-15 05:50:27.619299
1378,691,A01-S3-B02,3,2024-11-14 05:50:27.619299
1379,692,A03-S4-B05,5,2024-11-15 05:50:27.619299
1380,692,A05-S2-B05,3,2024-11-05 05:50:27.619299
1381,692,A01-S2-B05,5,2024-11-11 05:50:27.619299
1382,693,A08-S1-B01,5,2024-10-24 05:50:27.619299
1383,693,A08-S3-B01,1,2024-11-13 05:50:27.619299
1384,693,A08-S3-B06,1,2024-11-02 05:50:27.619299
1385,694,A03-S2-B06,2,2024-11-10 05:50:27.619299
1386,695,A04-S4-B06,2,2024-10-28 05:50:27.619299
1387,696,A08-S3-B03,5,2024-10-24 05:50:27.619299
1388,697,A01-S3-B05,4,2024-10-30 05:50:27.619299
1389,697,A01-S3-B02,1,2024-11-18 05:50:27.619299
1390,698,A08-S4-B02,2,2024-11-03 05:50:27.619299
1391,698,A08-S3-B02,4,2024-11-10 05:50:27.619299
1392,698,A08-S4-B03,3,2024-11-04 05:50:27.619299
1393,699,A04-S4-B03,1,2024-10-21 05:50:27.619299
1394,700,A02-S2-B03,3,2024-10-22 05:50:27.619299
1395,700,A03-S2-B05,2,2024-10-27 05:50:27.619299
1396,701,A08-S3-B03,4,2024-11-01 05:50:27.619299
1397,702,A03-S2-B04,4,2024-11-04 05:50:27.619299
1398,702,A03-S1-B06,2,2024-11-04 05:50:27.619299
1399,703,A01-S4-B06,4,2024-11-07 05:50:27.619299
1400,704,A01-S3-B06,1,2024-10-26 05:50:27.619299
1401,705,A05-S3-B02,4,2024-11-04 05:50:27.619299
1402,706,A08-S2-B04,4,2024-11-08 05:50:27.619299
1403,707,A02-S2-B05,2,2024-10-21 05:50:27.619299
1404,707,A05-S4-B02,4,2024-11-14 05:50:27.619299
1405,707,A01-S3-B01,2,2024-11-04 05:50:27.619299
1406,708,A06-S1-B06,1,2024-11-18 05:50:27.619299
1407,708,A07-S2-B01,4,2024-11-09 05:50:27.619299
1408,709,A03-S1-B01,3,2024-11-02 05:50:27.619299
1409,709,A03-S3-B01,3,2024-11-08 05:50:27.619299
1410,709,A05-S4-B01,1,2024-11-18 05:50:27.619299
1411,710,A06-S1-B05,3,2024-11-04 05:50:27.619299
1412,710,A06-S3-B03,4,2024-11-02 05:50:27.619299
1413,711,A07-S3-B06,4,2024-11-11 05:50:27.619299
1414,712,A08-S3-B05,1,2024-11-18 05:50:27.619299
1415,712,A08-S4-B01,2,2024-11-12 05:50:27.619299
1416,712,A08-S1-B03,4,2024-11-02 05:50:27.619299
1417,713,A04-S3-B05,5,2024-11-07 05:50:27.619299
1418,714,A05-S4-B04,5,2024-11-01 05:50:27.619299
1419,714,A03-S1-B06,4,2024-10-25 05:50:27.619299
1420,714,A01-S3-B05,4,2024-11-17 05:50:27.619299
1421,715,A03-S2-B03,2,2024-10-24 05:50:27.619299
1422,715,A02-S3-B02,3,2024-11-06 05:50:27.619299
1423,716,A09-S4-B02,1,2024-10-30 05:50:27.619299
1424,717,A07-S4-B01,3,2024-11-14 05:50:27.619299
1425,717,A06-S1-B03,1,2024-11-18 05:50:27.619299
1426,717,A06-S1-B01,3,2024-10-25 05:50:27.619299
1427,718,A08-S2-B05,4,2024-10-21 05:50:27.619299
1428,718,A08-S1-B02,3,2024-11-09 05:50:27.619299
1429,718,A08-S3-B01,5,2024-10-24 05:50:27.619299
1430,719,A03-S2-B05,3,2024-11-14 05:50:27.619299
1431,720,A06-S3-B06,2,2024-10-26 05:50:27.619299
1432,720,A06-S4-B06,5,2024-11-14 05:50:27.619299
1433,720,A07-S2-B01,4,2024-11-08 05:50:27.619299
1434,721,A10-S4-B06,1,2024-11-15 05:50:27.619299
1435,721,A10-S4-B01,3,2024-11-16 05:50:27.619299
1436,721,A09-S2-B05,1,2024-11-18 05:50:27.619299
1437,722,A03-S1-B04,3,2024-10-24 05:50:27.619299
1438,722,A02-S2-B02,2,2024-11-10 05:50:27.619299
1439,722,A05-S2-B04,3,2024-11-03 05:50:27.619299
1440,723,A04-S4-B03,4,2024-10-25 05:50:27.619299
1441,724,A07-S1-B06,1,2024-11-19 05:50:27.619299
1442,725,A08-S4-B05,5,2024-10-22 05:50:27.619299
1443,725,A08-S1-B05,2,2024-11-05 05:50:27.619299
1444,726,A07-S1-B06,1,2024-10-22 05:50:27.619299
1445,726,A06-S4-B06,4,2024-10-28 05:50:27.619299
1446,727,A04-S4-B03,3,2024-11-16 05:50:27.619299
1447,727,A04-S1-B05,4,2024-11-19 05:50:27.619299
1448,728,A06-S1-B06,4,2024-11-09 05:50:27.619299
1449,729,A04-S4-B02,4,2024-11-13 05:50:27.634924
1450,729,A02-S2-B04,3,2024-11-08 05:50:27.634924
1451,730,A04-S4-B02,5,2024-10-22 05:50:27.634924
1452,730,A01-S4-B04,3,2024-10-30 05:50:27.634924
1453,731,A05-S2-B03,2,2024-10-24 05:50:27.634924
1454,732,A07-S3-B02,3,2024-10-29 05:50:27.634924
1455,732,A06-S3-B01,1,2024-11-03 05:50:27.634924
1456,733,A07-S2-B01,4,2024-11-06 05:50:27.634924
1457,733,A06-S1-B01,2,2024-11-10 05:50:27.634924
1458,734,A08-S3-B06,1,2024-10-23 05:50:27.634924
1459,734,A08-S2-B03,4,2024-11-13 05:50:27.634924
1460,734,A08-S2-B06,5,2024-10-20 05:50:27.634924
1461,735,A02-S2-B05,1,2024-11-05 05:50:27.634924
1462,736,A10-S3-B05,5,2024-11-12 05:50:27.634924
1463,736,A09-S1-B03,4,2024-11-01 05:50:27.634924
1464,736,A10-S1-B05,3,2024-11-14 05:50:27.634924
1465,737,A01-S4-B01,1,2024-10-28 05:50:27.634924
1466,737,A02-S3-B04,1,2024-11-12 05:50:27.634924
1467,738,A07-S1-B02,1,2024-10-30 05:50:27.634924
1468,739,A05-S3-B03,5,2024-10-31 05:50:27.634924
1469,739,A01-S4-B06,5,2024-11-12 05:50:27.634924
1470,740,A01-S4-B04,3,2024-10-27 05:50:27.634924
1471,740,A05-S4-B06,1,2024-11-06 05:50:27.634924
1472,741,A03-S2-B02,3,2024-11-18 05:50:27.634924
1473,741,A02-S3-B06,2,2024-10-22 05:50:27.634924
1474,742,A02-S3-B01,4,2024-10-29 05:50:27.634924
1475,743,A06-S3-B05,5,2024-11-13 05:50:27.634924
1476,743,A07-S2-B04,3,2024-11-15 05:50:27.634924
1477,743,A06-S2-B02,4,2024-10-30 05:50:27.634924
1478,744,A08-S4-B06,1,2024-10-20 05:50:27.634924
1479,744,A08-S3-B05,1,2024-11-15 05:50:27.634924
1480,745,A03-S2-B02,1,2024-11-15 05:50:27.634924
1481,746,A09-S1-B02,5,2024-10-29 05:50:27.634924
1482,746,A09-S1-B06,5,2024-11-15 05:50:27.634924
1483,746,A09-S4-B03,5,2024-10-25 05:50:27.634924
1484,747,A05-S3-B06,4,2024-10-21 05:50:27.634924
1485,747,A01-S1-B02,3,2024-10-31 05:50:27.634924
1486,747,A02-S1-B06,3,2024-11-18 05:50:27.634924
1487,748,A08-S1-B02,1,2024-10-23 05:50:27.634924
1488,748,A08-S3-B06,3,2024-10-22 05:50:27.634924
1489,748,A08-S1-B06,1,2024-11-14 05:50:27.634924
1490,749,A09-S2-B04,2,2024-11-08 05:50:27.634924
1491,749,A09-S4-B06,2,2024-11-10 05:50:27.634924
1492,750,A08-S3-B02,2,2024-11-02 05:50:27.634924
1493,750,A08-S3-B04,3,2024-10-23 05:50:27.634924
1494,750,A08-S2-B01,3,2024-11-09 05:50:27.634924
1495,751,A01-S1-B04,2,2024-11-01 05:50:27.634924
1496,751,A02-S3-B05,2,2024-11-10 05:50:27.634924
1497,751,A03-S3-B05,1,2024-10-27 05:50:27.634924
1498,752,A10-S1-B04,3,2024-11-11 05:50:27.634924
1499,752,A10-S3-B05,2,2024-10-28 05:50:27.634924
1500,753,A08-S2-B03,3,2024-11-01 05:50:27.634924
1501,753,A08-S2-B05,1,2024-11-19 05:50:27.634924
1502,754,A02-S3-B05,5,2024-11-03 05:50:27.634924
1503,755,A02-S2-B02,3,2024-11-18 05:50:27.634924
1504,755,A01-S2-B03,4,2024-11-15 05:50:27.634924
1505,756,A07-S1-B03,2,2024-11-03 05:50:27.634924
1506,756,A07-S1-B01,2,2024-10-28 05:50:27.634924
1507,757,A08-S1-B04,2,2024-10-28 05:50:27.634924
1508,757,A08-S3-B03,2,2024-11-17 05:50:27.634924
1509,758,A08-S3-B06,4,2024-10-30 05:50:27.634924
1510,758,A08-S4-B04,2,2024-11-16 05:50:27.634924
1511,759,A09-S3-B03,1,2024-11-17 05:50:27.634924
1512,760,A06-S2-B03,4,2024-11-18 05:50:27.634924
1513,761,A01-S4-B06,2,2024-11-18 05:50:27.634924
1514,762,A02-S1-B02,4,2024-10-27 05:50:27.634924
1515,762,A03-S4-B03,2,2024-11-04 05:50:27.634924
1516,763,A01-S2-B01,3,2024-10-21 05:50:27.634924
1517,764,A07-S4-B06,4,2024-11-08 05:50:27.634924
1518,764,A06-S4-B02,5,2024-10-22 05:50:27.634924
1519,765,A02-S1-B02,1,2024-10-31 05:50:27.634924
1520,766,A08-S1-B03,4,2024-11-06 05:50:27.634924
1521,766,A08-S1-B01,5,2024-11-19 05:50:27.634924
1522,767,A06-S1-B06,3,2024-11-08 05:50:27.634924
1523,767,A06-S2-B03,5,2024-11-14 05:50:27.634924
1524,767,A06-S3-B01,4,2024-11-18 05:50:27.634924
1525,768,A09-S2-B01,2,2024-11-04 05:50:27.634924
1526,768,A09-S2-B02,2,2024-11-17 05:50:27.634924
1527,769,A03-S2-B03,1,2024-11-09 05:50:27.634924
1528,769,A01-S1-B05,4,2024-11-04 05:50:27.634924
1529,770,A07-S3-B05,5,2024-10-27 05:50:27.634924
1530,771,A05-S2-B04,2,2024-11-16 05:50:27.634924
1531,771,A01-S4-B05,1,2024-10-27 05:50:27.634924
1532,771,A03-S3-B01,3,2024-10-23 05:50:27.634924
1533,772,A06-S2-B05,5,2024-11-03 05:50:27.634924
1534,772,A06-S1-B04,4,2024-11-17 05:50:27.634924
1535,772,A07-S2-B05,3,2024-10-31 05:50:27.634924
1536,773,A05-S2-B03,1,2024-11-05 05:50:27.634924
1537,773,A05-S1-B03,1,2024-10-29 05:50:27.634924
1538,774,A04-S4-B02,1,2024-10-29 05:50:27.634924
1539,774,A03-S2-B03,5,2024-11-17 05:50:27.634924
1540,775,A07-S1-B04,3,2024-11-02 05:50:27.634924
1541,775,A06-S4-B02,5,2024-10-20 05:50:27.634924
1542,775,A06-S3-B04,5,2024-11-16 05:50:27.634924
1543,776,A03-S3-B04,3,2024-10-30 05:50:27.634924
1544,777,A01-S1-B06,4,2024-10-22 05:50:27.634924
1545,777,A01-S4-B06,3,2024-10-23 05:50:27.634924
1546,777,A05-S1-B05,3,2024-11-06 05:50:27.634924
1547,778,A07-S2-B05,3,2024-11-01 05:50:27.634924
1548,778,A06-S2-B04,1,2024-11-04 05:50:27.634924
1549,778,A06-S1-B03,5,2024-10-24 05:50:27.634924
1550,779,A07-S4-B04,2,2024-10-30 05:50:27.634924
1551,780,A08-S4-B01,3,2024-10-31 05:50:27.634924
1552,780,A08-S2-B04,4,2024-10-28 05:50:27.634924
1553,780,A08-S2-B02,3,2024-11-17 05:50:27.634924
1554,781,A07-S2-B04,2,2024-11-05 05:50:27.634924
1555,781,A06-S2-B06,2,2024-11-05 05:50:27.634924
1556,782,A08-S2-B01,2,2024-10-30 05:50:27.650549
1557,783,A05-S1-B06,1,2024-11-11 05:50:27.650549
1558,783,A05-S3-B03,4,2024-11-05 05:50:27.650549
1559,784,A04-S4-B06,1,2024-11-18 05:50:27.650549
1560,784,A03-S2-B06,2,2024-11-05 05:50:27.650549
1561,784,A03-S3-B01,3,2024-10-29 05:50:27.650549
1562,785,A05-S3-B06,4,2024-10-26 05:50:27.650549
1563,786,A10-S3-B04,1,2024-11-01 05:50:27.650549
1564,786,A10-S1-B04,2,2024-10-25 05:50:27.650549
1565,786,A10-S4-B06,5,2024-10-24 05:50:27.650549
1566,787,A08-S3-B03,5,2024-11-12 05:50:27.650549
1567,788,A02-S2-B04,4,2024-10-30 05:50:27.650549
1568,788,A04-S2-B02,1,2024-11-14 05:50:27.650549
1569,789,A01-S2-B03,3,2024-11-01 05:50:27.650549
1570,789,A03-S3-B02,4,2024-11-08 05:50:27.650549
1571,789,A03-S3-B06,3,2024-10-27 05:50:27.650549
1572,790,A09-S3-B05,5,2024-10-28 05:50:27.650549
1573,791,A04-S2-B02,2,2024-10-25 05:50:27.650549
1574,792,A08-S1-B03,4,2024-11-11 05:50:27.650549
1575,792,A08-S4-B05,3,2024-11-06 05:50:27.650549
1576,792,A08-S3-B06,3,2024-11-10 05:50:27.650549
1577,793,A08-S2-B05,2,2024-10-30 05:50:27.650549
1578,794,A08-S3-B05,2,2024-10-23 05:50:27.650549
1579,794,A08-S4-B04,1,2024-11-15 05:50:27.650549
1580,795,A03-S4-B06,4,2024-11-12 05:50:27.650549
1581,796,A09-S1-B02,1,2024-11-07 05:50:27.650549
1582,796,A10-S3-B01,3,2024-10-22 05:50:27.650549
1583,796,A10-S3-B02,4,2024-11-07 05:50:27.650549
1584,797,A09-S2-B04,3,2024-11-13 05:50:27.650549
1585,797,A10-S4-B01,1,2024-11-10 05:50:27.650549
1586,797,A09-S2-B05,4,2024-10-24 05:50:27.650549
1587,798,A08-S3-B02,1,2024-10-31 05:50:27.650549
1588,798,A08-S3-B04,4,2024-11-09 05:50:27.650549
1589,799,A07-S3-B02,5,2024-10-23 05:50:27.650549
1590,799,A07-S2-B01,2,2024-11-08 05:50:27.650549
1591,799,A06-S4-B05,5,2024-11-06 05:50:27.650549
1592,800,A10-S2-B01,5,2024-11-04 05:50:27.650549
1593,800,A09-S2-B05,2,2024-10-24 05:50:27.650549
1594,801,A06-S1-B01,3,2024-11-11 05:50:27.650549
1595,801,A07-S3-B02,5,2024-11-16 05:50:27.650549
1596,801,A07-S1-B03,4,2024-10-24 05:50:27.650549
1597,802,A02-S2-B03,5,2024-11-07 05:50:27.650549
1598,803,A08-S3-B05,3,2024-11-11 05:50:27.650549
1599,804,A08-S1-B02,3,2024-10-24 05:50:27.650549
1600,804,A08-S4-B05,3,2024-11-06 05:50:27.650549
1601,804,A08-S4-B06,5,2024-11-16 05:50:27.650549
1602,805,A04-S4-B04,5,2024-11-02 05:50:27.650549
1603,806,A07-S4-B02,2,2024-10-30 05:50:27.650549
1604,807,A10-S4-B02,4,2024-11-09 05:50:27.650549
1605,808,A09-S4-B01,3,2024-11-18 05:50:27.650549
1606,808,A10-S2-B04,3,2024-11-03 05:50:27.650549
1607,809,A02-S3-B06,4,2024-10-21 05:50:27.650549
1608,809,A02-S4-B05,3,2024-11-13 05:50:27.650549
1609,810,A03-S3-B03,2,2024-11-09 05:50:27.650549
1610,811,A08-S3-B04,4,2024-10-23 05:50:27.650549
1611,811,A08-S4-B01,5,2024-10-28 05:50:27.650549
1612,811,A08-S2-B06,2,2024-11-19 05:50:27.650549
1613,812,A06-S4-B06,2,2024-10-25 05:50:27.650549
1614,812,A06-S2-B05,2,2024-11-04 05:50:27.650549
1615,813,A04-S4-B06,5,2024-11-11 05:50:27.650549
1616,813,A03-S2-B06,5,2024-11-05 05:50:27.650549
1617,813,A05-S1-B01,3,2024-11-01 05:50:27.650549
1618,814,A10-S3-B04,2,2024-10-24 05:50:27.650549
1619,814,A09-S3-B06,4,2024-11-07 05:50:27.650549
1620,814,A09-S4-B02,3,2024-10-26 05:50:27.650549
1621,815,A09-S4-B03,2,2024-11-16 05:50:27.650549
1622,816,A08-S2-B06,3,2024-11-17 05:50:27.650549
1623,816,A08-S4-B03,2,2024-10-24 05:50:27.650549
1624,817,A08-S4-B05,5,2024-11-07 05:50:27.650549
1625,817,A08-S2-B03,5,2024-11-03 05:50:27.650549
1626,817,A08-S3-B06,2,2024-10-31 05:50:27.650549
1627,818,A02-S3-B02,1,2024-11-18 05:50:27.650549
1628,818,A02-S2-B01,4,2024-11-12 05:50:27.650549
1629,818,A03-S1-B05,4,2024-10-29 05:50:27.650549
1630,819,A02-S3-B05,4,2024-11-12 05:50:27.650549
1631,819,A04-S3-B02,5,2024-11-07 05:50:27.650549
1632,819,A03-S3-B06,2,2024-11-02 05:50:27.650549
1633,820,A02-S4-B05,5,2024-10-27 05:50:27.650549
1634,821,A07-S1-B01,1,2024-10-27 05:50:27.650549
1635,822,A03-S1-B06,3,2024-10-21 05:50:27.650549
1636,822,A03-S4-B04,5,2024-11-01 05:50:27.650549
1637,822,A03-S3-B01,4,2024-11-08 05:50:27.650549
1638,823,A03-S2-B03,2,2024-11-16 05:50:27.650549
1639,823,A05-S3-B03,2,2024-10-24 05:50:27.650549
1640,823,A04-S4-B03,2,2024-11-13 05:50:27.650549
1641,824,A02-S2-B06,2,2024-11-04 05:50:27.650549
1642,824,A05-S1-B05,4,2024-11-10 05:50:27.650549
1643,824,A04-S3-B04,5,2024-11-10 05:50:27.650549
1644,825,A08-S1-B02,3,2024-10-31 05:50:27.650549
1645,825,A08-S3-B01,2,2024-10-26 05:50:27.650549
1646,825,A08-S3-B05,1,2024-10-23 05:50:27.650549
1647,826,A09-S1-B06,3,2024-10-31 05:50:27.650549
1648,827,A03-S1-B06,5,2024-11-12 05:50:27.650549
1649,827,A02-S2-B01,2,2024-11-04 05:50:27.650549
1650,828,A05-S2-B05,5,2024-10-24 05:50:27.650549
1651,829,A06-S3-B03,4,2024-11-06 05:50:27.650549
1652,829,A06-S4-B06,5,2024-11-03 05:50:27.650549
1653,830,A02-S3-B06,3,2024-10-20 05:50:27.650549
1654,831,A03-S2-B05,1,2024-10-24 05:50:27.650549
1655,831,A04-S1-B02,3,2024-11-05 05:50:27.650549
1656,831,A04-S1-B05,4,2024-10-31 05:50:27.650549
1657,832,A01-S1-B05,4,2024-11-07 05:50:27.650549
1658,833,A01-S1-B06,5,2024-10-20 05:50:27.650549
1659,833,A04-S3-B01,3,2024-10-31 05:50:27.650549
1660,833,A01-S3-B06,2,2024-10-30 05:50:27.650549
1661,834,A02-S4-B02,2,2024-11-19 05:50:27.650549
1662,834,A01-S1-B04,1,2024-10-27 05:50:27.650549
1663,835,A05-S1-B06,1,2024-10-24 05:50:27.666233
1664,835,A01-S2-B04,4,2024-11-01 05:50:27.666233
1665,836,A04-S3-B03,4,2024-11-17 05:50:27.666233
1666,837,A10-S3-B02,3,2024-10-21 05:50:27.666233
1667,837,A09-S4-B04,1,2024-11-14 05:50:27.666233
1668,838,A04-S2-B01,4,2024-11-05 05:50:27.666233
1669,838,A02-S4-B05,4,2024-11-04 05:50:27.666233
1670,838,A03-S1-B06,2,2024-10-28 05:50:27.666233
1671,839,A08-S4-B05,2,2024-11-06 05:50:27.666233
1672,839,A08-S1-B02,3,2024-10-25 05:50:27.666233
1673,839,A08-S1-B06,5,2024-10-31 05:50:27.666233
1674,840,A08-S3-B03,1,2024-11-16 05:50:27.666233
1675,840,A08-S4-B03,4,2024-10-28 05:50:27.666233
1676,841,A01-S3-B05,2,2024-11-04 05:50:27.666233
1677,841,A04-S3-B05,4,2024-10-21 05:50:27.666233
1678,841,A02-S2-B06,1,2024-10-21 05:50:27.666233
1679,842,A06-S1-B03,3,2024-11-10 05:50:27.666233
1680,842,A06-S2-B03,4,2024-10-31 05:50:27.666233
1681,843,A02-S2-B01,4,2024-11-07 05:50:27.666233
1682,844,A08-S3-B04,3,2024-10-28 05:50:27.666233
1683,844,A08-S4-B02,4,2024-11-09 05:50:27.666233
1684,844,A08-S2-B03,3,2024-11-12 05:50:27.666233
1685,845,A01-S1-B05,1,2024-11-06 05:50:27.666233
1686,845,A02-S3-B04,2,2024-10-26 05:50:27.666233
1687,846,A01-S3-B05,3,2024-10-26 05:50:27.666233
1688,846,A02-S4-B02,1,2024-10-28 05:50:27.666233
1689,847,A01-S4-B05,3,2024-10-29 05:50:27.666233
1690,848,A08-S2-B01,1,2024-11-15 05:50:27.666233
1691,848,A08-S3-B01,2,2024-11-16 05:50:27.666233
1692,849,A08-S1-B06,2,2024-11-06 05:50:27.666233
1693,849,A08-S3-B01,4,2024-11-02 05:50:27.666233
1694,849,A08-S4-B05,2,2024-11-08 05:50:27.666233
1695,850,A08-S4-B04,5,2024-11-12 05:50:27.666233
1696,851,A04-S4-B05,4,2024-11-02 05:50:27.666233
1697,851,A03-S1-B05,3,2024-11-12 05:50:27.666233
1698,851,A01-S1-B04,2,2024-10-22 05:50:27.666233
1699,852,A06-S4-B02,5,2024-11-17 05:50:27.666233
1700,852,A07-S2-B06,3,2024-11-07 05:50:27.666233
1701,853,A04-S3-B01,1,2024-11-08 05:50:27.666233
1702,853,A03-S3-B04,5,2024-11-07 05:50:27.666233
1703,853,A04-S4-B02,3,2024-11-11 05:50:27.666233
1704,854,A10-S4-B06,1,2024-11-16 05:50:27.666233
1705,854,A10-S4-B02,4,2024-10-27 05:50:27.666233
1706,855,A04-S2-B01,2,2024-10-20 05:50:27.666233
1707,855,A03-S3-B04,4,2024-11-17 05:50:27.666233
1708,856,A01-S1-B05,3,2024-10-25 05:50:27.666233
1709,857,A05-S4-B01,3,2024-11-16 05:50:27.666233
1710,857,A05-S2-B05,1,2024-11-10 05:50:27.666233
1711,857,A04-S3-B03,2,2024-10-22 05:50:27.666233
1712,858,A03-S4-B02,5,2024-11-07 05:50:27.666233
1713,859,A08-S4-B02,2,2024-11-02 05:50:27.666233
1714,860,A04-S2-B04,1,2024-11-02 05:50:27.666233
1715,860,A05-S1-B01,1,2024-10-29 05:50:27.666233
1716,861,A06-S4-B06,2,2024-11-08 05:50:27.666233
1717,861,A07-S2-B03,1,2024-10-28 05:50:27.666233
1718,861,A07-S4-B04,2,2024-10-31 05:50:27.666233
1719,862,A02-S3-B02,3,2024-11-16 05:50:27.666233
1720,862,A01-S3-B04,4,2024-11-04 05:50:27.666233
1721,863,A08-S4-B05,4,2024-10-22 05:50:27.666233
1722,863,A08-S3-B06,5,2024-11-01 05:50:27.666233
1723,863,A08-S1-B05,4,2024-11-15 05:50:27.666233
1724,864,A02-S1-B04,2,2024-11-16 05:50:27.666233
1725,864,A03-S4-B01,5,2024-10-24 05:50:27.666233
1726,864,A04-S4-B05,5,2024-10-30 05:50:27.666233
1727,865,A02-S1-B05,4,2024-10-21 05:50:27.666233
1728,865,A05-S2-B01,5,2024-10-26 05:50:27.666233
1729,865,A03-S3-B03,3,2024-10-23 05:50:27.666233
1730,866,A08-S4-B06,2,2024-11-08 05:50:27.666233
1731,866,A08-S2-B02,2,2024-11-09 05:50:27.666233
1732,867,A02-S2-B05,1,2024-11-01 05:50:27.666233
1733,867,A02-S1-B03,2,2024-10-23 05:50:27.666233
1734,868,A03-S4-B01,4,2024-11-12 05:50:27.666233
1735,868,A02-S2-B05,1,2024-11-04 05:50:27.666233
1736,869,A10-S3-B05,5,2024-10-23 05:50:27.666233
1737,869,A10-S4-B01,2,2024-11-14 05:50:27.666233
1738,870,A10-S3-B03,5,2024-11-12 05:50:27.666233
1739,870,A10-S2-B01,2,2024-11-04 05:50:27.666233
1740,871,A02-S1-B03,5,2024-10-29 05:50:27.666233
1741,871,A04-S3-B05,5,2024-11-04 05:50:27.666233
1742,871,A05-S4-B05,1,2024-11-15 05:50:27.666233
1743,872,A02-S4-B05,4,2024-11-09 05:50:27.666233
1744,873,A08-S4-B02,3,2024-10-26 05:50:27.666233
1745,873,A08-S2-B02,5,2024-11-08 05:50:27.666233
1746,873,A08-S3-B03,1,2024-11-01 05:50:27.666233
1747,874,A02-S2-B03,3,2024-11-08 05:50:27.666233
1748,875,A03-S1-B06,1,2024-10-23 05:50:27.666233
1749,875,A05-S1-B02,2,2024-11-15 05:50:27.666233
1750,876,A02-S4-B03,1,2024-10-23 05:50:27.666233
1751,876,A04-S4-B04,2,2024-11-01 05:50:27.666233
1752,876,A02-S3-B02,5,2024-10-20 05:50:27.666233
1753,877,A07-S3-B06,4,2024-11-18 05:50:27.666233
1754,877,A06-S2-B01,4,2024-11-14 05:50:27.666233
1755,878,A07-S3-B06,1,2024-11-14 05:50:27.666233
1756,879,A02-S4-B05,1,2024-11-09 05:50:27.666233
1757,879,A05-S4-B04,3,2024-11-05 05:50:27.666233
1758,880,A01-S1-B04,4,2024-10-27 05:50:27.666233
1759,880,A02-S1-B04,3,2024-11-13 05:50:27.666233
1760,880,A03-S3-B05,2,2024-10-31 05:50:27.666233
1761,881,A03-S2-B05,4,2024-11-03 05:50:27.666233
1762,881,A01-S1-B01,1,2024-10-23 05:50:27.666233
1763,882,A06-S4-B02,3,2024-11-07 05:50:27.666233
1764,882,A06-S1-B01,5,2024-10-26 05:50:27.666233
1765,883,A02-S1-B02,1,2024-11-01 05:50:27.666233
1766,884,A04-S2-B05,1,2024-11-09 05:50:27.666233
1767,885,A06-S2-B06,3,2024-11-15 05:50:27.666233
1768,886,A04-S2-B01,1,2024-11-10 05:50:27.666233
1769,887,A06-S4-B01,1,2024-11-11 05:50:27.681798
1770,887,A06-S2-B06,4,2024-10-25 05:50:27.681798
1771,888,A01-S2-B05,5,2024-10-30 05:50:27.681798
1772,889,A03-S1-B05,3,2024-11-05 05:50:27.681798
1773,889,A04-S2-B01,1,2024-10-29 05:50:27.681798
1774,889,A02-S2-B05,3,2024-10-29 05:50:27.681798
1775,890,A05-S1-B06,4,2024-11-13 05:50:27.681798
1776,890,A05-S4-B04,4,2024-10-26 05:50:27.681798
1777,891,A06-S3-B01,3,2024-11-07 05:50:27.681798
1778,891,A06-S1-B03,5,2024-11-14 05:50:27.681798
1779,892,A09-S4-B02,2,2024-10-26 05:50:27.681798
1780,893,A07-S4-B05,4,2024-11-06 05:50:27.681798
1781,893,A07-S1-B01,4,2024-10-27 05:50:27.681798
1782,893,A07-S3-B06,1,2024-11-01 05:50:27.681798
1783,894,A01-S3-B05,1,2024-11-15 05:50:27.681798
1784,894,A03-S3-B06,3,2024-10-29 05:50:27.681798
1785,895,A06-S2-B01,3,2024-10-25 05:50:27.681798
1786,895,A06-S2-B05,5,2024-11-09 05:50:27.681798
1787,896,A04-S3-B06,1,2024-10-29 05:50:27.681798
1788,896,A03-S1-B01,3,2024-10-30 05:50:27.681798
1789,897,A04-S1-B05,5,2024-11-10 05:50:27.681798
1790,897,A04-S2-B06,3,2024-11-10 05:50:27.681798
1791,898,A10-S4-B03,2,2024-10-20 05:50:27.681798
1792,899,A04-S1-B03,3,2024-11-12 05:50:27.681798
1793,899,A04-S2-B06,4,2024-10-22 05:50:27.681798
1794,900,A03-S2-B04,4,2024-11-09 05:50:27.681798
1795,900,A04-S3-B01,3,2024-11-18 05:50:27.681798
1796,900,A04-S1-B05,5,2024-10-27 05:50:27.681798
1797,901,A05-S1-B06,3,2024-11-09 05:50:27.681798
1798,901,A01-S2-B06,3,2024-11-06 05:50:27.681798
1799,902,A01-S4-B03,1,2024-10-29 05:50:27.681798
1800,902,A04-S3-B02,1,2024-11-02 05:50:27.681798
1801,903,A03-S1-B03,5,2024-10-25 05:50:27.681798
1802,903,A03-S3-B05,5,2024-11-02 05:50:27.681798
1803,904,A08-S3-B04,2,2024-10-20 05:50:27.681798
1804,904,A08-S1-B04,5,2024-10-23 05:50:27.681798
1805,905,A03-S3-B05,1,2024-11-03 05:50:27.681798
1806,906,A09-S3-B03,5,2024-10-29 05:50:27.681798
1807,907,A07-S4-B04,3,2024-11-18 05:50:27.681798
1808,908,A04-S4-B02,5,2024-10-27 05:50:27.681798
1809,908,A05-S1-B06,4,2024-11-07 05:50:27.681798
1810,908,A04-S2-B06,1,2024-11-14 05:50:27.681798
1811,909,A02-S3-B02,2,2024-11-18 05:50:27.681798
1812,909,A02-S2-B02,2,2024-10-28 05:50:27.681798
1813,910,A05-S4-B06,5,2024-11-02 05:50:27.681798
1814,911,A08-S3-B03,4,2024-11-17 05:50:27.681798
1815,912,A02-S2-B04,3,2024-11-02 05:50:27.681798
1816,912,A02-S1-B01,1,2024-11-08 05:50:27.681798
1817,913,A08-S3-B04,3,2024-11-08 05:50:27.681798
1818,913,A08-S3-B06,3,2024-11-13 05:50:27.681798
1819,914,A04-S4-B04,5,2024-11-01 05:50:27.681798
1820,914,A04-S3-B04,3,2024-10-20 05:50:27.681798
1821,914,A01-S3-B03,3,2024-10-26 05:50:27.681798
1822,915,A08-S3-B04,5,2024-10-28 05:50:27.681798
1823,915,A08-S4-B06,1,2024-10-23 05:50:27.681798
1824,915,A08-S3-B01,1,2024-10-24 05:50:27.681798
1825,916,A02-S4-B03,4,2024-10-31 05:50:27.681798
1826,917,A03-S1-B02,2,2024-10-21 05:50:27.681798
1827,917,A05-S2-B03,3,2024-11-18 05:50:27.681798
1828,917,A01-S4-B02,1,2024-11-12 05:50:27.681798
1829,918,A09-S1-B04,1,2024-10-28 05:50:27.681798
1830,918,A09-S3-B03,4,2024-10-24 05:50:27.681798
1831,918,A10-S3-B04,5,2024-11-06 05:50:27.681798
1832,919,A06-S4-B02,3,2024-11-01 05:50:27.681798
1833,920,A03-S4-B04,3,2024-11-05 05:50:27.681798
1834,921,A10-S3-B05,1,2024-11-12 05:50:27.681798
1835,922,A04-S3-B06,3,2024-11-07 05:50:27.681798
1836,922,A05-S2-B02,1,2024-11-11 05:50:27.681798
1837,923,A10-S2-B02,5,2024-10-24 05:50:27.681798
1838,924,A07-S2-B01,2,2024-11-07 05:50:27.681798
1839,924,A07-S4-B06,4,2024-11-19 05:50:27.681798
1840,925,A05-S2-B02,4,2024-11-08 05:50:27.681798
1841,925,A05-S2-B05,3,2024-11-18 05:50:27.681798
1842,925,A05-S1-B04,1,2024-11-19 05:50:27.681798
1843,926,A02-S3-B03,1,2024-10-27 05:50:27.681798
1844,926,A01-S3-B02,1,2024-11-10 05:50:27.681798
1845,927,A04-S2-B06,2,2024-11-01 05:50:27.681798
1846,927,A04-S4-B04,3,2024-11-07 05:50:27.681798
1847,927,A01-S2-B02,1,2024-11-09 05:50:27.681798
1848,928,A08-S1-B06,5,2024-11-11 05:50:27.681798
1849,928,A08-S4-B04,1,2024-11-19 05:50:27.681798
1850,929,A08-S1-B05,3,2024-11-11 05:50:27.681798
1851,930,A03-S3-B05,4,2024-11-08 05:50:27.681798
1852,931,A01-S1-B01,4,2024-11-08 05:50:27.681798
1853,931,A05-S2-B01,1,2024-10-31 05:50:27.681798
1854,932,A07-S1-B05,2,2024-10-26 05:50:27.681798
1855,932,A06-S3-B05,2,2024-11-06 05:50:27.681798
1856,933,A08-S4-B04,5,2024-10-31 05:50:27.681798
1857,933,A08-S3-B03,3,2024-10-25 05:50:27.681798
1858,934,A08-S3-B03,3,2024-10-22 05:50:27.681798
1859,935,A04-S3-B06,1,2024-10-27 05:50:27.681798
1860,936,A02-S4-B06,3,2024-10-24 05:50:27.681798
1861,937,A05-S1-B03,4,2024-10-22 05:50:27.681798
1862,937,A05-S3-B02,2,2024-10-28 05:50:27.681798
1863,938,A09-S3-B05,2,2024-11-10 05:50:27.681798
1864,938,A10-S1-B01,1,2024-11-14 05:50:27.681798
1865,939,A02-S1-B03,1,2024-10-20 05:50:27.681798
1866,939,A05-S3-B03,3,2024-10-31 05:50:27.681798
1867,940,A08-S3-B02,2,2024-11-16 05:50:27.697425
1868,940,A08-S1-B02,2,2024-10-28 05:50:27.697425
1869,941,A05-S1-B05,3,2024-11-05 05:50:27.697425
1870,941,A05-S2-B05,3,2024-10-27 05:50:27.697425
1871,942,A08-S1-B04,1,2024-11-18 05:50:27.697425
1872,943,A06-S1-B01,5,2024-10-22 05:50:27.697425
1873,943,A06-S2-B05,2,2024-11-09 05:50:27.697425
1874,943,A07-S2-B05,3,2024-11-19 05:50:27.697425
1875,944,A06-S2-B05,3,2024-11-13 05:50:27.697425
1876,944,A07-S3-B01,4,2024-10-30 05:50:27.697425
1877,944,A07-S1-B05,4,2024-11-17 05:50:27.697425
1878,945,A05-S3-B01,2,2024-10-22 05:50:27.697425
1879,946,A02-S2-B03,5,2024-11-04 05:50:27.697425
1880,947,A03-S2-B02,1,2024-10-25 05:50:27.697425
1881,947,A03-S4-B01,4,2024-11-18 05:50:27.697425
1882,948,A10-S2-B02,3,2024-10-23 05:50:27.697425
1883,949,A09-S1-B03,3,2024-11-06 05:50:27.697425
1884,949,A10-S2-B01,2,2024-10-22 05:50:27.697425
1885,949,A10-S1-B05,3,2024-11-05 05:50:27.697425
1886,950,A08-S3-B01,4,2024-11-06 05:50:27.697425
1887,951,A08-S4-B05,3,2024-11-19 05:50:27.697425
1888,952,A07-S2-B03,2,2024-11-15 05:50:27.697425
1889,952,A07-S1-B02,5,2024-10-28 05:50:27.697425
1890,953,A01-S1-B01,4,2024-10-20 05:50:27.697425
1891,954,A10-S3-B06,4,2024-11-08 05:50:27.697425
1892,954,A09-S3-B01,1,2024-11-14 05:50:27.697425
1893,955,A03-S3-B02,4,2024-11-17 05:50:27.697425
1894,956,A02-S4-B04,5,2024-10-27 05:50:27.697425
1895,956,A03-S4-B01,5,2024-11-08 05:50:27.697425
1896,957,A08-S1-B05,1,2024-11-16 05:50:27.697425
1897,957,A08-S1-B02,4,2024-10-22 05:50:27.697425
1898,958,A01-S1-B06,5,2024-11-18 05:50:27.697425
1899,958,A05-S4-B06,3,2024-11-13 05:50:27.697425
1900,959,A02-S3-B05,3,2024-11-04 05:50:27.697425
1901,959,A05-S1-B03,1,2024-10-28 05:50:27.697425
1902,959,A05-S3-B02,2,2024-11-19 05:50:27.697425
1903,960,A06-S2-B02,1,2024-10-27 05:50:27.697425
1904,960,A06-S1-B02,4,2024-11-11 05:50:27.697425
1905,960,A06-S1-B03,5,2024-11-12 05:50:27.697425
1906,961,A01-S2-B05,5,2024-10-22 05:50:27.697425
1907,962,A08-S3-B02,5,2024-10-21 05:50:27.697425
1908,963,A05-S2-B02,1,2024-11-03 05:50:27.697425
1909,963,A05-S1-B02,5,2024-11-09 05:50:27.697425
1910,964,A04-S1-B06,2,2024-11-16 05:50:27.697425
1911,964,A05-S2-B05,5,2024-11-17 05:50:27.697425
1912,965,A05-S1-B04,1,2024-10-20 05:50:27.697425
1913,966,A05-S1-B03,3,2024-11-07 05:50:27.697425
1914,966,A05-S4-B04,5,2024-11-07 05:50:27.697425
1915,967,A06-S1-B05,3,2024-10-25 05:50:27.697425
1916,968,A02-S4-B06,3,2024-10-23 05:50:27.697425
1917,969,A08-S2-B05,3,2024-11-14 05:50:27.697425
1918,970,A01-S1-B01,5,2024-11-13 05:50:27.697425
1919,970,A03-S2-B02,4,2024-11-17 05:50:27.697425
1920,970,A04-S2-B06,2,2024-10-30 05:50:27.697425
1921,971,A06-S3-B04,3,2024-11-12 05:50:27.697425
1922,971,A07-S1-B03,5,2024-10-25 05:50:27.697425
1923,971,A06-S1-B06,1,2024-11-13 05:50:27.697425
1924,972,A09-S2-B04,5,2024-11-08 05:50:27.697425
1925,972,A10-S3-B06,3,2024-11-17 05:50:27.697425
1926,973,A06-S1-B01,3,2024-11-15 05:50:27.697425
1927,973,A07-S2-B06,1,2024-10-21 05:50:27.697425
1928,974,A05-S3-B03,1,2024-10-26 05:50:27.697425
1929,974,A01-S3-B04,4,2024-10-23 05:50:27.697425
1930,975,A04-S4-B04,3,2024-10-20 05:50:27.697425
1931,975,A02-S3-B03,5,2024-11-02 05:50:27.697425
1932,975,A01-S4-B04,4,2024-11-09 05:50:27.697425
1933,976,A01-S3-B03,4,2024-11-03 05:50:27.697425
1934,976,A04-S3-B02,3,2024-11-07 05:50:27.697425
1935,977,A08-S1-B03,3,2024-11-08 05:50:27.697425
1936,977,A08-S2-B03,5,2024-11-06 05:50:27.697425
1937,977,A08-S3-B06,4,2024-11-01 05:50:27.697425
1938,978,A04-S1-B06,1,2024-11-13 05:50:27.697425
1939,979,A02-S3-B06,2,2024-10-21 05:50:27.697425
1940,979,A04-S2-B01,1,2024-11-11 05:50:27.697425
1941,979,A04-S4-B02,2,2024-10-25 05:50:27.697425
1942,980,A08-S2-B05,5,2024-11-07 05:50:27.697425
1943,980,A08-S2-B02,1,2024-11-04 05:50:27.697425
1944,980,A08-S1-B02,2,2024-11-14 05:50:27.697425
1945,981,A02-S4-B04,1,2024-11-04 05:50:27.697425
1946,981,A05-S2-B06,4,2024-10-26 05:50:27.697425
1947,981,A04-S2-B01,3,2024-10-20 05:50:27.697425
1948,982,A06-S2-B06,5,2024-10-27 05:50:27.697425
1949,983,A05-S4-B05,5,2024-11-09 05:50:27.697425
1950,984,A01-S1-B04,2,2024-10-20 05:50:27.697425
1951,985,A06-S2-B01,1,2024-11-06 05:50:27.697425
1952,986,A04-S2-B02,5,2024-11-02 05:50:27.697425
1953,986,A05-S3-B05,1,2024-11-18 05:50:27.697425
1954,986,A05-S1-B01,1,2024-10-22 05:50:27.697425
1955,987,A06-S1-B01,4,2024-10-29 05:50:27.697425
1956,987,A07-S4-B05,1,2024-11-09 05:50:27.697425
1957,987,A06-S2-B01,1,2024-10-24 05:50:27.697425
1958,988,A02-S4-B04,5,2024-10-27 05:50:27.697425
1959,989,A03-S2-B03,5,2024-10-25 05:50:27.697425
1960,989,A03-S2-B06,1,2024-11-18 05:50:27.697425
1961,990,A06-S1-B02,3,2024-11-14 05:50:27.697425
1962,990,A07-S3-B06,4,2024-10-21 05:50:27.697425
1963,991,A07-S1-B06,1,2024-10-26 05:50:27.697425
1964,991,A07-S1-B02,4,2024-11-17 05:50:27.697425
1965,992,A06-S3-B02,1,2024-11-19 05:50:27.713049
1966,992,A06-S4-B02,2,2024-10-21 05:50:27.713049
1967,992,A07-S4-B05,5,2024-10-28 05:50:27.713049
1968,993,A02-S2-B02,3,2024-10-21 05:50:27.713049
1969,994,A08-S2-B05,2,2024-11-15 05:50:27.713049
1970,995,A02-S2-B03,3,2024-11-02 05:50:27.713049
1971,996,A05-S3-B02,5,2024-11-05 05:50:27.713049
1972,997,A09-S1-B05,3,2024-11-08 05:50:27.713049
1973,997,A10-S1-B03,4,2024-11-19 05:50:27.713049
1974,998,A02-S3-B05,5,2024-11-03 05:50:27.713049
1975,999,A08-S4-B03,2,2024-10-24 05:50:27.713049
1976,999,A08-S4-B01,3,2024-10-26 05:50:27.713049
1977,999,A08-S4-B06,5,2024-10-20 05:50:27.713049
1978,1000,A01-S1-B03,5,2024-10-29 05:50:27.713049
